subjek,jendela,t_mulai_s,t_selesai_s,ecg_hz,ecg_bpm,radar_hz,radar_bpm,radar_bpm_sebelum_medfilt,error_bpm,galat_mutlak_bpm,galat_persen
subject01,1,0,20,1.4805,88.83,1.45,87,87,=H2-F2,=ABS(J2),=K2/F2*100
subject01,2,5,25,1.4625,87.75,1.45,87,87,=H3-F3,=ABS(J3),=K3/F3*100
subject01,3,10,30,1.4219,85.32,1.45,87,87,=H4-F4,=ABS(J4),=K4/F4*100
subject01,4,15,35,1.4122,84.73,1.4,84,81,=H5-F5,=ABS(J5),=K5/F5*100
subject01,5,20,40,1.3967,83.8,1.4,84,81,=H6-F6,=ABS(J6),=K6/F6*100
subject01,6,25,45,1.4121,84.72,1.4,84,84,=H7-F7,=ABS(J7),=K7/F7*100
subject01,7,30,50,1.4582,87.49,1.45,87,87,=H8-F8,=ABS(J8),=K8/F8*100
subject01,8,35,55,1.4672,88.03,1.5,90,108,=H9-F9,=ABS(J9),=K9/F9*100
subject01,9,40,60,1.4907,89.44,1.5,90,108,=H10-F10,=ABS(J10),=K10/F10*100
subject01,10,45,65,1.4947,89.68,1.5,90,90,=H11-F11,=ABS(J11),=K11/F11*100
subject01,11,50,70,1.494,89.64,1.5,90,90,=H12-F12,=ABS(J12),=K12/F12*100
subject01,12,55,75,1.5097,90.58,1.5,90,90,=H13-F13,=ABS(J13),=K13/F13*100
subject01,13,60,80,1.5134,90.8,1.5,90,90,=H14-F14,=ABS(J14),=K14/F14*100
subject01,14,65,85,1.5227,91.36,1.5,90,90,=H15-F15,=ABS(J15),=K15/F15*100
subject01,15,70,90,1.5167,91,1.5,90,90,=H16-F16,=ABS(J16),=K16/F16*100
subject01,16,75,95,1.5022,90.13,1.5,90,90,=H17-F17,=ABS(J17),=K17/F17*100
subject01,17,80,100,1.481,88.86,1.5,90,90,=H18-F18,=ABS(J18),=K18/F18*100
subject01,18,85,105,1.4793,88.76,1.5,90,87,=H19-F19,=ABS(J19),=K19/F19*100
subject01,19,90,110,1.4841,89.04,1.5,90,87,=H20-F20,=ABS(J20),=K20/F20*100
subject01,20,95,115,1.5015,90.09,1.5,90,90,=H21-F21,=ABS(J21),=K21/F21*100
subject01,21,100,120,1.5163,90.98,1.5,90,93,=H22-F22,=ABS(J22),=K22/F22*100
subject01,22,105,125,1.5052,90.31,1.5,90,90,=H23-F23,=ABS(J23),=K23/F23*100
subject01,23,110,130,1.5042,90.25,1.5,90,90,=H24-F24,=ABS(J24),=K24/F24*100
subject01,24,115,135,1.5032,90.19,1.5,90,90,=H25-F25,=ABS(J25),=K25/F25*100
subject01,25,120,140,1.5182,91.09,1.5,90,90,=H26-F26,=ABS(J26),=K26/F26*100
subject01,26,125,145,1.5308,91.85,1.55,93,93,=H27-F27,=ABS(J27),=K27/F27*100
subject01,27,130,150,1.5406,92.44,1.55,93,93,=H28-F28,=ABS(J28),=K28/F28*100
subject01,28,135,155,1.5336,92.02,1.55,93,93,=H29-F29,=ABS(J29),=K29/F29*100
subject01,29,140,160,1.5372,92.23,1.5,90,90,=H30-F30,=ABS(J30),=K30/F30*100
subject01,30,145,165,1.5252,91.51,1.2,72,69,=H31-F31,=ABS(J31),=K31/F31*100
subject01,31,150,170,1.5253,91.52,1.2,72,72,=H32-F32,=ABS(J32),=K32/F32*100
subject01,32,155,175,1.5461,92.76,1.2,72,72,=H33-F33,=ABS(J33),=K33/F33*100
subject01,33,160,180,1.523,91.38,1.5,90,93,=H34-F34,=ABS(J34),=K34/F34*100
subject01,34,165,185,1.5244,91.47,1.5,90,93,=H35-F35,=ABS(J35),=K35/F35*100
subject01,35,170,190,1.4934,89.6,1.5,90,90,=H36-F36,=ABS(J36),=K36/F36*100
subject01,36,175,195,1.4586,87.51,1.45,87,87,=H37-F37,=ABS(J37),=K37/F37*100
subject01,37,180,200,1.4567,87.4,1.45,87,87,=H38-F38,=ABS(J38),=K38/F38*100
subject01,38,185,205,1.4613,87.68,1.45,87,87,=H39-F39,=ABS(J39),=K39/F39*100
subject01,39,190,210,1.4713,88.28,1.45,87,87,=H40-F40,=ABS(J40),=K40/F40*100
subject01,40,195,215,1.4768,88.61,1.5,90,90,=H41-F41,=ABS(J41),=K41/F41*100
subject01,41,200,220,1.4887,89.32,1.5,90,90,=H42-F42,=ABS(J42),=K42/F42*100
subject01,42,205,225,1.483,88.98,1.5,90,90,=H43-F43,=ABS(J43),=K43/F43*100
subject01,43,210,230,1.4977,89.86,1.5,90,90,=H44-F44,=ABS(J44),=K44/F44*100
subject01,44,215,235,1.5016,90.1,1.5,90,60,=H45-F45,=ABS(J45),=K45/F45*100
subject01,45,220,240,1.4987,89.92,1.5,90,90,=H46-F46,=ABS(J46),=K46/F46*100
subject01,46,225,245,1.5077,90.46,1.5,90,90,=H47-F47,=ABS(J47),=K47/F47*100
subject01,47,230,250,1.5124,90.74,1.5,90,90,=H48-F48,=ABS(J48),=K48/F48*100
subject01,48,235,255,1.5263,91.58,1.5,90,69,=H49-F49,=ABS(J49),=K49/F49*100
subject01,49,240,260,1.5451,92.7,1.55,93,93,=H50-F50,=ABS(J50),=K50/F50*100
subject01,50,245,265,1.5612,93.67,1.55,93,93,=H51-F51,=ABS(J51),=K51/F51*100
subject01,51,250,270,1.5602,93.61,1.55,93,96,=H52-F52,=ABS(J52),=K52/F52*100
subject01,52,255,275,1.5694,94.16,1.55,93,93,=H53-F53,=ABS(J53),=K53/F53*100
subject01,53,260,280,1.5739,94.43,1.55,93,93,=H54-F54,=ABS(J54),=K54/F54*100
subject01,54,265,285,1.5592,93.55,1.55,93,75,=H55-F55,=ABS(J55),=K55/F55*100
subject01,55,270,290,1.5823,94.94,1.55,93,93,=H56-F56,=ABS(J56),=K56/F56*100
subject01,56,275,295,1.5791,94.74,1.55,93,93,=H57-F57,=ABS(J57),=K57/F57*100
subject01,57,280,300,1.562,93.72,1.55,93,96,=H58-F58,=ABS(J58),=K58/F58*100
subject01,58,285,305,1.557,93.42,1.55,93,93,=H59-F59,=ABS(J59),=K59/F59*100
subject01,59,290,310,1.5348,92.09,1.55,93,93,=H60-F60,=ABS(J60),=K60/F60*100
subject01,60,295,315,1.5133,90.8,1.55,93,93,=H61-F61,=ABS(J61),=K61/F61*100
subject01,61,300,320,1.4875,89.25,1.5,90,90,=H62-F62,=ABS(J62),=K62/F62*100
subject01,62,305,325,1.4788,88.73,1.45,87,87,=H63-F63,=ABS(J63),=K63/F63*100
subject01,63,310,330,1.4723,88.34,1.45,87,87,=H64-F64,=ABS(J64),=K64/F64*100
subject01,64,315,335,1.4644,87.86,1.45,87,87,=H65-F65,=ABS(J65),=K65/F65*100
subject01,65,320,340,1.4804,88.82,1.45,87,90,=H66-F66,=ABS(J66),=K66/F66*100
subject01,66,325,345,1.462,87.72,1.45,87,90,=H67-F67,=ABS(J67),=K67/F67*100
subject01,67,330,350,1.4521,87.12,1.45,87,87,=H68-F68,=ABS(J68),=K68/F68*100
subject01,68,335,355,1.4378,86.27,1.45,87,66,=H69-F69,=ABS(J69),=K69/F69*100
subject01,69,340,360,1.4247,85.48,1.4,84,87,=H70-F70,=ABS(J70),=K70/F70*100
subject01,70,345,365,1.4104,84.63,1.1,66,84,=H71-F71,=ABS(J71),=K71/F71*100
subject01,71,350,370,1.3906,83.44,1.4,84,57,=H72-F72,=ABS(J72),=K72/F72*100
subject01,72,355,375,1.3999,83.99,1.4,84,60,=H73-F73,=ABS(J73),=K73/F73*100
subject01,73,360,380,1.3906,83.43,1.4,84,84,=H74-F74,=ABS(J74),=K74/F74*100
subject01,74,365,385,1.3943,83.66,1.4,84,84,=H75-F75,=ABS(J75),=K75/F75*100
subject01,75,370,390,1.4011,84.07,1.4,84,84,=H76-F76,=ABS(J76),=K76/F76*100
subject01,76,375,395,1.3917,83.5,1.4,84,84,=H77-F77,=ABS(J77),=K77/F77*100
subject01,77,380,400,1.4213,85.28,1.4,84,84,=H78-F78,=ABS(J78),=K78/F78*100
subject01,78,385,405,1.454,87.24,1.4,84,102,=H79-F79,=ABS(J79),=K79/F79*100
subject01,79,390,410,1.4675,88.05,1.25,75,75,=H80-F80,=ABS(J80),=K80/F80*100
subject01,80,395,415,1.4896,89.37,1.1,66,63,=H81-F81,=ABS(J81),=K81/F81*100
subject01,81,400,420,1.483,88.98,1.05,63,63,=H82-F82,=ABS(J82),=K82/F82*100
subject01,82,405,425,1.4767,88.6,1.05,63,66,=H83-F83,=ABS(J83),=K83/F83*100
subject02,1,0,20,1.3567,81.4,1.25,75,87,=H84-F84,=ABS(J84),=K84/F84*100
subject02,2,5,25,1.2876,77.25,1.25,75,75,=H85-F85,=ABS(J85),=K85/F85*100
subject02,3,10,30,1.2489,74.94,1.25,75,87,=H86-F86,=ABS(J86),=K86/F86*100
subject02,4,15,35,1.2365,74.19,1.2,72,72,=H87-F87,=ABS(J87),=K87/F87*100
subject02,5,20,40,1.198,71.88,1.2,72,72,=H88-F88,=ABS(J88),=K88/F88*100
subject02,6,25,45,1.1879,71.28,1.2,72,72,=H89-F89,=ABS(J89),=K89/F89*100
subject02,7,30,50,1.1738,70.43,1.15,69,69,=H90-F90,=ABS(J90),=K90/F90*100
subject02,8,35,55,1.1734,70.4,1.15,69,69,=H91-F91,=ABS(J91),=K91/F91*100
subject02,9,40,60,1.183,70.98,1.15,69,69,=H92-F92,=ABS(J92),=K92/F92*100
subject02,10,45,65,1.1864,71.18,1.2,72,99,=H93-F93,=ABS(J93),=K93/F93*100
subject02,11,50,70,1.1935,71.61,1.2,72,72,=H94-F94,=ABS(J94),=K94/F94*100
subject02,12,55,75,1.1958,71.75,1.2,72,72,=H95-F95,=ABS(J95),=K95/F95*100
subject02,13,60,80,1.2031,72.19,1.2,72,72,=H96-F96,=ABS(J96),=K96/F96*100
subject02,14,65,85,1.2297,73.78,1.2,72,72,=H97-F97,=ABS(J97),=K97/F97*100
subject02,15,70,90,1.241,74.46,1.25,75,75,=H98-F98,=ABS(J98),=K98/F98*100
subject02,16,75,95,1.2563,75.38,1.25,75,75,=H99-F99,=ABS(J99),=K99/F99*100
subject02,17,80,100,1.2612,75.67,1.25,75,75,=H100-F100,=ABS(J100),=K100/F100*100
subject02,18,85,105,1.248,74.88,1.25,75,75,=H101-F101,=ABS(J101),=K101/F101*100
subject02,19,90,110,1.2551,75.31,1.25,75,72,=H102-F102,=ABS(J102),=K102/F102*100
subject02,20,95,115,1.3115,78.69,1.2,72,75,=H103-F103,=ABS(J103),=K103/F103*100
subject02,21,100,120,1.3256,79.53,1.2,72,60,=H104-F104,=ABS(J104),=K104/F104*100
subject02,22,105,125,1.3258,79.55,1.25,75,57,=H105-F105,=ABS(J105),=K105/F105*100
subject02,23,110,130,1.334,80.04,1.25,75,75,=H106-F106,=ABS(J106),=K106/F106*100
subject02,24,115,135,1.2697,76.18,1.25,75,75,=H107-F107,=ABS(J107),=K107/F107*100
subject02,25,120,140,1.2585,75.51,1.25,75,75,=H108-F108,=ABS(J108),=K108/F108*100
subject02,26,125,145,1.258,75.48,1.25,75,75,=H109-F109,=ABS(J109),=K109/F109*100
subject02,27,130,150,1.2357,74.14,1.25,75,78,=H110-F110,=ABS(J110),=K110/F110*100
subject02,28,135,155,1.238,74.28,0.95,57,51,=H111-F111,=ABS(J111),=K111/F111*100
subject02,29,140,160,1.2261,73.56,0.95,57,54,=H112-F112,=ABS(J112),=K112/F112*100
subject02,30,145,165,1.2294,73.76,0.9,54,57,=H113-F113,=ABS(J113),=K113/F113*100
subject02,31,150,170,1.241,74.46,0.95,57,57,=H114-F114,=ABS(J114),=K114/F114*100
subject02,32,155,175,1.2356,74.14,0.95,57,54,=H115-F115,=ABS(J115),=K115/F115*100
subject02,33,160,180,1.258,75.48,0.95,57,57,=H116-F116,=ABS(J116),=K116/F116*100
subject02,34,165,185,1.2534,75.21,1,60,75,=H117-F117,=ABS(J117),=K117/F117*100
subject02,35,170,190,1.2604,75.62,1,60,75,=H118-F118,=ABS(J118),=K118/F118*100
subject02,36,175,195,1.2727,76.36,1.05,63,60,=H119-F119,=ABS(J119),=K119/F119*100
subject02,37,180,200,1.2602,75.61,1.05,63,60,=H120-F120,=ABS(J120),=K120/F120*100
subject02,38,185,205,1.2626,75.76,1.05,63,63,=H121-F121,=ABS(J121),=K121/F121*100
subject02,39,190,210,1.259,75.54,1.2,72,72,=H122-F122,=ABS(J122),=K122/F122*100
subject02,40,195,215,1.2677,76.06,1.25,75,75,=H123-F123,=ABS(J123),=K123/F123*100
subject02,41,200,220,1.2842,77.05,1.35,81,81,=H124-F124,=ABS(J124),=K124/F124*100
subject02,42,205,225,1.2966,77.8,1.35,81,81,=H125-F125,=ABS(J125),=K125/F125*100
subject02,43,210,230,1.3051,78.31,1.35,81,81,=H126-F126,=ABS(J126),=K126/F126*100
subject02,44,215,235,1.3039,78.24,1.35,81,54,=H127-F127,=ABS(J127),=K127/F127*100
subject02,45,220,240,1.2937,77.62,1.35,81,93,=H128-F128,=ABS(J128),=K128/F128*100
subject02,46,225,245,1.2947,77.68,1.4,84,90,=H129-F129,=ABS(J129),=K129/F129*100
subject02,47,230,250,1.2895,77.37,1.4,84,81,=H130-F130,=ABS(J130),=K130/F130*100
subject02,48,235,255,1.2881,77.29,1.35,81,84,=H131-F131,=ABS(J131),=K131/F131*100
subject02,49,240,260,1.305,78.3,1.05,63,57,=H132-F132,=ABS(J132),=K132/F132*100
subject02,50,245,265,1.3204,79.22,1.05,63,60,=H133-F133,=ABS(J133),=K133/F133*100
subject02,51,250,270,1.3319,79.92,1.05,63,63,=H134-F134,=ABS(J134),=K134/F134*100
subject02,52,255,275,1.3302,79.81,1.35,81,84,=H135-F135,=ABS(J135),=K135/F135*100
subject02,53,260,280,1.3278,79.67,1.35,81,84,=H136-F136,=ABS(J136),=K136/F136*100
subject02,54,265,285,1.3222,79.33,1.35,81,81,=H137-F137,=ABS(J137),=K137/F137*100
subject02,55,270,290,1.3307,79.84,1.35,81,81,=H138-F138,=ABS(J138),=K138/F138*100
subject02,56,275,295,1.3455,80.73,1.35,81,81,=H139-F139,=ABS(J139),=K139/F139*100
subject02,57,280,300,1.3487,80.92,1.35,81,81,=H140-F140,=ABS(J140),=K140/F140*100
subject02,58,285,305,1.3526,81.15,1.35,81,57,=H141-F141,=ABS(J141),=K141/F141*100
subject02,59,290,310,1.35,81,1.35,81,57,=H142-F142,=ABS(J142),=K142/F142*100
subject02,60,295,315,1.3496,80.98,0.95,57,87,=H143-F143,=ABS(J143),=K143/F143*100
subject02,61,300,320,1.3387,80.32,1,60,84,=H144-F144,=ABS(J144),=K144/F144*100
subject02,62,305,325,1.3305,79.83,1.3,78,57,=H145-F145,=ABS(J145),=K145/F145*100
subject02,63,310,330,1.3298,79.79,1.3,78,60,=H146-F146,=ABS(J146),=K146/F146*100
subject02,64,315,335,1.3236,79.41,1.3,78,78,=H147-F147,=ABS(J147),=K147/F147*100
subject02,65,320,340,1.3237,79.42,1.3,78,81,=H148-F148,=ABS(J148),=K148/F148*100
subject02,66,325,345,1.3176,79.05,1.3,78,78,=H149-F149,=ABS(J149),=K149/F149*100
subject02,67,330,350,1.3109,78.66,1.3,78,78,=H150-F150,=ABS(J150),=K150/F150*100
subject02,68,335,355,1.2982,77.89,1.3,78,78,=H151-F151,=ABS(J151),=K151/F151*100
subject02,69,340,360,1.3036,78.22,1.3,78,78,=H152-F152,=ABS(J152),=K152/F152*100
subject02,70,345,365,1.3162,78.97,1.3,78,78,=H153-F153,=ABS(J153),=K153/F153*100
subject02,71,350,370,1.3302,79.81,1.3,78,60,=H154-F154,=ABS(J154),=K154/F154*100
subject02,72,355,375,1.337,80.22,1.3,78,84,=H155-F155,=ABS(J155),=K155/F155*100
subject02,73,360,380,1.3438,80.63,1.3,78,78,=H156-F156,=ABS(J156),=K156/F156*100
subject02,74,365,385,1.3302,79.81,1.3,78,81,=H157-F157,=ABS(J157),=K157/F157*100
subject02,75,370,390,1.3141,78.84,1.3,78,57,=H158-F158,=ABS(J158),=K158/F158*100
subject02,76,375,395,1.3255,79.53,1.3,78,78,=H159-F159,=ABS(J159),=K159/F159*100
subject02,77,380,400,1.3363,80.18,0.95,57,81,=H160-F160,=ABS(J160),=K160/F160*100
subject02,78,385,405,1.3547,81.28,0.95,57,57,=H161-F161,=ABS(J161),=K161/F161*100
subject02,79,390,410,1.379,82.74,0.95,57,57,=H162-F162,=ABS(J162),=K162/F162*100
subject02,80,395,415,1.3897,83.38,0.95,57,54,=H163-F163,=ABS(J163),=K163/F163*100
subject02,81,400,420,1.3904,83.42,0.9,54,54,=H164-F164,=ABS(J164),=K164/F164*100
subject02,82,405,425,1.3934,83.61,0.9,54,84,=H165-F165,=ABS(J165),=K165/F165*100
subject03,1,0,20,1.3241,79.45,1.3,78,102,=H166-F166,=ABS(J166),=K166/F166*100
subject03,2,5,25,1.3133,78.8,1.3,78,87,=H167-F167,=ABS(J167),=K167/F167*100
subject03,3,10,30,1.302,78.12,1.3,78,78,=H168-F168,=ABS(J168),=K168/F168*100
subject03,4,15,35,1.2963,77.78,1.25,75,75,=H169-F169,=ABS(J169),=K169/F169*100
subject03,5,20,40,1.2965,77.79,1.15,69,69,=H170-F170,=ABS(J170),=K170/F170*100
subject03,6,25,45,1.2902,77.41,1.15,69,57,=H171-F171,=ABS(J171),=K171/F171*100
subject03,7,30,50,1.2866,77.2,1.15,69,57,=H172-F172,=ABS(J172),=K172/F172*100
subject03,8,35,55,1.2855,77.13,0.95,57,75,=H173-F173,=ABS(J173),=K173/F173*100
subject03,9,40,60,1.2816,76.9,1.1,66,75,=H174-F174,=ABS(J174),=K174/F174*100
subject03,10,45,65,1.2816,76.9,1.1,66,51,=H175-F175,=ABS(J175),=K175/F175*100
subject03,11,50,70,1.2869,77.22,1.05,63,66,=H176-F176,=ABS(J176),=K176/F176*100
subject03,12,55,75,1.2941,77.64,1.05,63,63,=H177-F177,=ABS(J177),=K177/F177*100
subject03,13,60,80,1.3016,78.1,1.1,66,63,=H178-F178,=ABS(J178),=K178/F178*100
subject03,14,65,85,1.3183,79.1,1.05,63,66,=H179-F179,=ABS(J179),=K179/F179*100
subject03,15,70,90,1.3264,79.58,1.05,63,69,=H180-F180,=ABS(J180),=K180/F180*100
subject03,16,75,95,1.3258,79.55,1.05,63,63,=H181-F181,=ABS(J181),=K181/F181*100
subject03,17,80,100,1.3183,79.1,1,60,60,=H182-F182,=ABS(J182),=K182/F182*100
subject03,18,85,105,1.296,77.76,1,60,60,=H183-F183,=ABS(J183),=K183/F183*100
subject03,19,90,110,1.2906,77.44,0.95,57,57,=H184-F184,=ABS(J184),=K184/F184*100
subject03,20,95,115,1.307,78.42,0.95,57,57,=H185-F185,=ABS(J185),=K185/F185*100
subject03,21,100,120,1.3186,79.11,0.95,57,57,=H186-F186,=ABS(J186),=K186/F186*100
subject03,22,105,125,1.3288,79.73,1.35,81,81,=H187-F187,=ABS(J187),=K187/F187*100
subject03,23,110,130,1.3248,79.49,1.35,81,81,=H188-F188,=ABS(J188),=K188/F188*100
subject03,24,115,135,1.3,78,1.35,81,84,=H189-F189,=ABS(J189),=K189/F189*100
subject03,25,120,140,1.2944,77.67,1.35,81,66,=H190-F190,=ABS(J190),=K190/F190*100
subject03,26,125,145,1.2983,77.9,1.35,81,66,=H191-F191,=ABS(J191),=K191/F191*100
subject03,27,130,150,1.3004,78.02,1.35,81,81,=H192-F192,=ABS(J192),=K192/F192*100
subject03,28,135,155,1.3108,78.65,1.35,81,81,=H193-F193,=ABS(J193),=K193/F193*100
subject03,29,140,160,1.3149,78.9,1.35,81,81,=H194-F194,=ABS(J194),=K194/F194*100
subject03,30,145,165,1.315,78.9,1.35,81,87,=H195-F195,=ABS(J195),=K195/F195*100
subject03,31,150,170,1.3227,79.36,1.45,87,87,=H196-F196,=ABS(J196),=K196/F196*100
subject03,32,155,175,1.3266,79.6,1.45,87,57,=H197-F197,=ABS(J197),=K197/F197*100
subject03,33,160,180,1.3274,79.65,1.45,87,99,=H198-F198,=ABS(J198),=K198/F198*100
subject03,34,165,185,1.3287,79.72,1.35,81,99,=H199-F199,=ABS(J199),=K199/F199*100
subject03,35,170,190,1.3255,79.53,1.35,81,72,=H200-F200,=ABS(J200),=K200/F200*100
subject03,36,175,195,1.3213,79.28,1.35,81,81,=H201-F201,=ABS(J201),=K201/F201*100
subject03,37,180,200,1.3114,78.68,1.2,72,81,=H202-F202,=ABS(J202),=K202/F202*100
subject03,38,185,205,1.3055,78.33,1.35,81,66,=H203-F203,=ABS(J203),=K203/F203*100
subject03,39,190,210,1.2997,77.98,1.1,66,60,=H204-F204,=ABS(J204),=K204/F204*100
subject03,40,195,215,1.2938,77.63,1.1,66,99,=H205-F205,=ABS(J205),=K205/F205*100
subject03,41,200,220,1.297,77.82,1.45,87,57,=H206-F206,=ABS(J206),=K206/F206*100
subject03,42,205,225,1.2965,77.79,1.5,90,87,=H207-F207,=ABS(J207),=K207/F207*100
subject03,43,210,230,1.2937,77.62,1.45,87,90,=H208-F208,=ABS(J208),=K208/F208*100
subject03,44,215,235,1.2875,77.25,1.45,87,90,=H209-F209,=ABS(J209),=K209/F209*100
subject03,45,220,240,1.2905,77.43,1.4,84,57,=H210-F210,=ABS(J210),=K210/F210*100
subject03,46,225,245,1.2974,77.85,0.95,57,57,=H211-F211,=ABS(J211),=K211/F211*100
subject03,47,230,250,1.3146,78.87,0.95,57,84,=H212-F212,=ABS(J212),=K212/F212*100
subject03,48,235,255,1.3262,79.57,0.95,57,57,=H213-F213,=ABS(J213),=K213/F213*100
subject03,49,240,260,1.3282,79.69,1.4,84,57,=H214-F214,=ABS(J214),=K214/F214*100
subject03,50,245,265,1.3314,79.88,1.65,99,114,=H215-F215,=ABS(J215),=K215/F215*100
subject03,51,250,270,1.3272,79.63,1.65,99,99,=H216-F216,=ABS(J216),=K216/F216*100
subject03,52,255,275,1.3346,80.08,1.65,99,99,=H217-F217,=ABS(J217),=K217/F217*100
subject03,53,260,280,1.3361,80.16,1.05,63,63,=H218-F218,=ABS(J218),=K218/F218*100
subject03,54,265,285,1.3267,79.6,1.05,63,63,=H219-F219,=ABS(J219),=K219/F219*100
subject03,55,270,290,1.3237,79.42,1.05,63,63,=H220-F220,=ABS(J220),=K220/F220*100
subject03,56,275,295,1.3194,79.16,1.3,78,96,=H221-F221,=ABS(J221),=K221/F221*100
subject03,57,280,300,1.3167,79,1.3,78,78,=H222-F222,=ABS(J222),=K222/F222*100
subject03,58,285,305,1.3231,79.39,1.3,78,78,=H223-F223,=ABS(J223),=K223/F223*100
subject03,59,290,310,1.3184,79.1,1.3,78,78,=H224-F224,=ABS(J224),=K224/F224*100
subject03,60,295,315,1.3119,78.71,1.3,78,75,=H225-F225,=ABS(J225),=K225/F225*100
subject03,61,300,320,1.3064,78.38,1.4,84,84,=H226-F226,=ABS(J226),=K226/F226*100
subject03,62,305,325,1.3023,78.14,1.45,87,87,=H227-F227,=ABS(J227),=K227/F227*100
subject03,63,310,330,1.2998,77.99,1.5,90,90,=H228-F228,=ABS(J228),=K228/F228*100
subject03,64,315,335,1.2967,77.8,1.5,90,90,=H229-F229,=ABS(J229),=K229/F229*100
subject03,65,320,340,1.2933,77.6,1.65,99,99,=H230-F230,=ABS(J230),=K230/F230*100
subject03,66,325,345,1.2914,77.48,1.65,99,102,=H231-F231,=ABS(J231),=K231/F231*100
subject03,67,330,350,1.2906,77.44,1.65,99,102,=H232-F232,=ABS(J232),=K232/F232*100
subject03,68,335,355,1.2998,77.99,1.6,96,93,=H233-F233,=ABS(J233),=K233/F233*100
subject03,69,340,360,1.3088,78.53,1.6,96,93,=H234-F234,=ABS(J234),=K234/F234*100
subject03,70,345,365,1.3104,78.62,1.55,93,96,=H235-F235,=ABS(J235),=K235/F235*100
subject03,71,350,370,1.3247,79.48,1.55,93,96,=H236-F236,=ABS(J236),=K236/F236*100
subject03,72,355,375,1.3265,79.59,1.2,72,72,=H237-F237,=ABS(J237),=K237/F237*100
subject03,73,360,380,1.331,79.86,1.05,63,51,=H238-F238,=ABS(J238),=K238/F238*100
subject03,74,365,385,1.3352,80.11,1.05,63,63,=H239-F239,=ABS(J239),=K239/F239*100
subject03,75,370,390,1.3193,79.16,1.05,63,63,=H240-F240,=ABS(J240),=K240/F240*100
subject03,76,375,395,1.3044,78.26,1.05,63,63,=H241-F241,=ABS(J241),=K241/F241*100
subject03,77,380,400,1.2864,77.18,1.25,75,78,=H242-F242,=ABS(J242),=K242/F242*100
subject03,78,385,405,1.2824,76.95,1.3,78,75,=H243-F243,=ABS(J243),=K243/F243*100
subject03,79,390,410,1.286,77.16,1.3,78,78,=H244-F244,=ABS(J244),=K244/F244*100
subject03,80,395,415,1.2906,77.43,1.3,78,78,=H245-F245,=ABS(J245),=K245/F245*100
subject03,81,400,420,1.2977,77.86,1.3,78,78,=H246-F246,=ABS(J246),=K246/F246*100
subject04,1,0,20,1.1682,70.09,1,60,96,=H247-F247,=ABS(J247),=K247/F247*100
subject04,2,5,25,1.1763,70.58,1.5,90,99,=H248-F248,=ABS(J248),=K248/F248*100
subject04,3,10,30,1.2145,72.87,1.5,90,60,=H249-F249,=ABS(J249),=K249/F249*100
subject04,4,15,35,1.2463,74.78,1.5,90,90,=H250-F250,=ABS(J250),=K250/F250*100
subject04,5,20,40,1.2646,75.88,1.5,90,90,=H251-F251,=ABS(J251),=K251/F251*100
subject04,6,25,45,1.2741,76.45,1.5,90,93,=H252-F252,=ABS(J252),=K252/F252*100
subject04,7,30,50,1.2794,76.76,1.5,90,60,=H253-F253,=ABS(J253),=K253/F253*100
subject04,8,35,55,1.2702,76.21,1,60,60,=H254-F254,=ABS(J254),=K254/F254*100
subject04,9,40,60,1.2637,75.82,1,60,90,=H255-F255,=ABS(J255),=K255/F255*100
subject04,10,45,65,1.2485,74.91,1,60,54,=H256-F256,=ABS(J256),=K256/F256*100
subject04,11,50,70,1.2255,73.53,1.05,63,57,=H257-F257,=ABS(J257),=K257/F257*100
subject04,12,55,75,1.2268,73.61,1.05,63,63,=H258-F258,=ABS(J258),=K258/F258*100
subject04,13,60,80,1.2314,73.88,1.2,72,78,=H259-F259,=ABS(J259),=K259/F259*100
subject04,14,65,85,1.2298,73.79,1.25,75,75,=H260-F260,=ABS(J260),=K260/F260*100
subject04,15,70,90,1.2273,73.64,1.25,75,72,=H261-F261,=ABS(J261),=K261/F261*100
subject04,16,75,95,1.2073,72.44,1.25,75,75,=H262-F262,=ABS(J262),=K262/F262*100
subject04,17,80,100,1.1889,71.34,1.25,75,75,=H263-F263,=ABS(J263),=K263/F263*100
subject04,18,85,105,1.1916,71.5,1.25,75,87,=H264-F264,=ABS(J264),=K264/F264*100
subject04,19,90,110,1.2144,72.86,1.25,75,117,=H265-F265,=ABS(J265),=K265/F265*100
subject04,20,95,115,1.2356,74.14,0.9,54,54,=H266-F266,=ABS(J266),=K266/F266*100
subject04,21,100,120,1.2493,74.96,0.9,54,54,=H267-F267,=ABS(J267),=K267/F267*100
subject04,22,105,125,1.2657,75.94,0.85,51,51,=H268-F268,=ABS(J268),=K268/F268*100
subject04,23,110,130,1.2556,75.34,0.85,51,51,=H269-F269,=ABS(J269),=K269/F269*100
subject04,24,115,135,1.2638,75.83,0.85,51,51,=H270-F270,=ABS(J270),=K270/F270*100
subject04,25,120,140,1.2625,75.75,0.85,51,51,=H271-F271,=ABS(J271),=K271/F271*100
subject04,26,125,145,1.2777,76.66,0.9,54,54,=H272-F272,=ABS(J272),=K272/F272*100
subject04,27,130,150,1.2878,77.27,0.9,54,54,=H273-F273,=ABS(J273),=K273/F273*100
subject04,28,135,155,1.2918,77.51,0.9,54,69,=H274-F274,=ABS(J274),=K274/F274*100
subject04,29,140,160,1.289,77.34,0.9,54,51,=H275-F275,=ABS(J275),=K275/F275*100
subject04,30,145,165,1.2802,76.81,0.9,54,54,=H276-F276,=ABS(J276),=K276/F276*100
subject04,31,150,170,1.2662,75.97,0.9,54,54,=H277-F277,=ABS(J277),=K277/F277*100
subject04,32,155,175,1.2419,74.51,0.9,54,54,=H278-F278,=ABS(J278),=K278/F278*100
subject04,33,160,180,1.2413,74.48,0.95,57,69,=H279-F279,=ABS(J279),=K279/F279*100
subject04,34,165,185,1.2264,73.58,1.1,66,75,=H280-F280,=ABS(J280),=K280/F280*100
subject04,35,170,190,1.2327,73.96,1.1,66,57,=H281-F281,=ABS(J281),=K281/F281*100
subject04,36,175,195,1.2536,75.22,1.1,66,66,=H282-F282,=ABS(J282),=K282/F282*100
subject04,37,180,200,1.2556,75.34,1.1,66,51,=H283-F283,=ABS(J283),=K283/F283*100
subject04,38,185,205,1.2603,75.62,1.25,75,99,=H284-F284,=ABS(J284),=K284/F284*100
subject04,39,190,210,1.2471,74.83,1.3,78,78,=H285-F285,=ABS(J285),=K285/F285*100
subject04,40,195,215,1.2511,75.06,1.6,96,75,=H286-F286,=ABS(J286),=K286/F286*100
subject04,41,200,220,1.2577,75.46,1.3,78,108,=H287-F287,=ABS(J287),=K287/F287*100
subject04,42,205,225,1.2636,75.81,1.25,75,96,=H288-F288,=ABS(J288),=K288/F288*100
subject04,43,210,230,1.275,76.5,1.2,72,72,=H289-F289,=ABS(J289),=K289/F289*100
subject04,44,215,235,1.2733,76.4,1.05,63,63,=H290-F290,=ABS(J290),=K290/F290*100
subject04,45,220,240,1.2512,75.07,1,60,57,=H291-F291,=ABS(J291),=K291/F291*100
subject04,46,225,245,1.2528,75.17,0.95,57,60,=H292-F292,=ABS(J292),=K292/F292*100
subject04,47,230,250,1.2461,74.77,0.95,57,57,=H293-F293,=ABS(J293),=K293/F293*100
subject04,48,235,255,1.2398,74.39,1,60,54,=H294-F294,=ABS(J294),=K294/F294*100
subject04,49,240,260,1.2722,76.33,1.35,81,81,=H295-F295,=ABS(J295),=K295/F295*100
subject04,50,245,265,1.2872,77.23,1.35,81,84,=H296-F296,=ABS(J296),=K296/F296*100
subject04,51,250,270,1.2931,77.58,1.35,81,87,=H297-F297,=ABS(J297),=K297/F297*100
subject04,52,255,275,1.3089,78.53,0.9,54,54,=H298-F298,=ABS(J298),=K298/F298*100
subject04,53,260,280,1.2938,77.63,0.9,54,54,=H299-F299,=ABS(J299),=K299/F299*100
subject04,54,265,285,1.2831,76.98,0.9,54,54,=H300-F300,=ABS(J300),=K300/F300*100
subject04,55,270,290,1.2864,77.18,0.85,51,51,=H301-F301,=ABS(J301),=K301/F301*100
subject04,56,275,295,1.2719,76.31,0.85,51,51,=H302-F302,=ABS(J302),=K302/F302*100
subject04,57,280,300,1.2735,76.41,0.85,51,51,=H303-F303,=ABS(J303),=K303/F303*100
subject04,58,285,305,1.273,76.38,0.85,51,51,=H304-F304,=ABS(J304),=K304/F304*100
subject04,59,290,310,1.2812,76.87,0.95,57,78,=H305-F305,=ABS(J305),=K305/F305*100
subject04,60,295,315,1.283,76.98,0.95,57,57,=H306-F306,=ABS(J306),=K306/F306*100
subject04,61,300,320,1.285,77.1,0.95,57,57,=H307-F307,=ABS(J307),=K307/F307*100
subject04,62,305,325,1.2853,77.12,0.95,57,54,=H308-F308,=ABS(J308),=K308/F308*100
subject04,63,310,330,1.2828,76.97,0.95,57,57,=H309-F309,=ABS(J309),=K309/F309*100
subject04,64,315,335,1.2896,77.37,0.95,57,66,=H310-F310,=ABS(J310),=K310/F310*100
subject04,65,320,340,1.2841,77.05,1.1,66,69,=H311-F311,=ABS(J311),=K311/F311*100
subject04,66,325,345,1.2877,77.26,1.15,69,57,=H312-F312,=ABS(J312),=K312/F312*100
subject04,67,330,350,1.2955,77.73,1.15,69,75,=H313-F313,=ABS(J313),=K313/F313*100
subject04,68,335,355,1.2988,77.93,1,60,78,=H314-F314,=ABS(J314),=K314/F314*100
subject04,69,340,360,1.3112,78.67,1.25,75,60,=H315-F315,=ABS(J315),=K315/F315*100
subject04,70,345,365,1.3048,78.29,1,60,60,=H316-F316,=ABS(J316),=K316/F316*100
subject04,71,350,370,1.3032,78.19,1,60,78,=H317-F317,=ABS(J317),=K317/F317*100
subject04,72,355,375,1.2928,77.57,1,60,60,=H318-F318,=ABS(J318),=K318/F318*100
subject04,73,360,380,1.2821,76.92,1,60,57,=H319-F319,=ABS(J319),=K319/F319*100
subject04,74,365,385,1.2566,75.4,1,60,60,=H320-F320,=ABS(J320),=K320/F320*100
subject04,75,370,390,1.2482,74.89,1,60,60,=H321-F321,=ABS(J321),=K321/F321*100
subject04,76,375,395,1.2202,73.21,1,60,69,=H322-F322,=ABS(J322),=K322/F322*100
subject04,77,380,400,1.2239,73.43,1,60,57,=H323-F323,=ABS(J323),=K323/F323*100
subject04,78,385,405,1.2296,73.78,1.05,63,60,=H324-F324,=ABS(J324),=K324/F324*100
subject04,79,390,410,1.228,73.68,1,60,63,=H325-F325,=ABS(J325),=K325/F325*100
subject04,80,395,415,1.2477,74.86,1,60,63,=H326-F326,=ABS(J326),=K326/F326*100
subject04,81,400,420,1.2505,75.03,1,60,60,=H327-F327,=ABS(J327),=K327/F327*100
subject05,1,0,20,1.1176,67.06,1.05,63,87,=H328-F328,=ABS(J328),=K328/F328*100
subject05,2,5,25,1.1283,67.7,1.05,63,63,=H329-F329,=ABS(J329),=K329/F329*100
subject05,3,10,30,1.1248,67.49,1.05,63,63,=H330-F330,=ABS(J330),=K330/F330*100
subject05,4,15,35,1.1383,68.3,1.05,63,63,=H331-F331,=ABS(J331),=K331/F331*100
subject05,5,20,40,1.1506,69.04,1.05,63,84,=H332-F332,=ABS(J332),=K332/F332*100
subject05,6,25,45,1.1216,67.3,1.05,63,87,=H333-F333,=ABS(J333),=K333/F333*100
subject05,7,30,50,1.1188,67.13,1.4,84,63,=H334-F334,=ABS(J334),=K334/F334*100
subject05,8,35,55,1.1384,68.3,1.15,69,63,=H335-F335,=ABS(J335),=K335/F335*100
subject05,9,40,60,1.1395,68.37,1.15,69,90,=H336-F336,=ABS(J336),=K336/F336*100
subject05,10,45,65,1.1435,68.61,1.15,69,69,=H337-F337,=ABS(J337),=K337/F337*100
subject05,11,50,70,1.1483,68.9,1.15,69,69,=H338-F338,=ABS(J338),=K338/F338*100
subject05,12,55,75,1.1357,68.14,1.15,69,66,=H339-F339,=ABS(J339),=K339/F339*100
subject05,13,60,80,1.1381,68.29,1.15,69,66,=H340-F340,=ABS(J340),=K340/F340*100
subject05,14,65,85,1.1389,68.33,1.15,69,69,=H341-F341,=ABS(J341),=K341/F341*100
subject05,15,70,90,1.1342,68.05,1.15,69,93,=H342-F342,=ABS(J342),=K342/F342*100
subject05,16,75,95,1.1239,67.44,1.15,69,96,=H343-F343,=ABS(J343),=K343/F343*100
subject05,17,80,100,1.1155,66.93,1.1,66,66,=H344-F344,=ABS(J344),=K344/F344*100
subject05,18,85,105,1.0989,65.93,1.1,66,66,=H345-F345,=ABS(J345),=K345/F345*100
subject05,19,90,110,1.0941,65.65,1.1,66,51,=H346-F346,=ABS(J346),=K346/F346*100
subject05,20,95,115,1.1095,66.57,1.15,69,72,=H347-F347,=ABS(J347),=K347/F347*100
subject05,21,100,120,1.1087,66.52,1.15,69,72,=H348-F348,=ABS(J348),=K348/F348*100
subject05,22,105,125,1.1291,67.74,1.15,69,69,=H349-F349,=ABS(J349),=K349/F349*100
subject05,23,110,130,1.134,68.04,1.15,69,69,=H350-F350,=ABS(J350),=K350/F350*100
subject05,24,115,135,1.1351,68.11,1.15,69,69,=H351-F351,=ABS(J351),=K351/F351*100
subject05,25,120,140,1.1534,69.2,1.25,75,75,=H352-F352,=ABS(J352),=K352/F352*100
subject05,26,125,145,1.1561,69.36,1.3,78,78,=H353-F353,=ABS(J353),=K353/F353*100
subject05,27,130,150,1.1761,70.56,1.45,87,90,=H354-F354,=ABS(J354),=K354/F354*100
subject05,28,135,155,1.1666,70,1.45,87,87,=H355-F355,=ABS(J355),=K355/F355*100
subject05,29,140,160,1.1438,68.63,1.45,87,87,=H356-F356,=ABS(J356),=K356/F356*100
subject05,30,145,165,1.1173,67.04,1.45,87,99,=H357-F357,=ABS(J357),=K357/F357*100
subject05,31,150,170,1.0826,64.96,1.45,87,87,=H358-F358,=ABS(J358),=K358/F358*100
subject05,32,155,175,1.0698,64.19,1.1,66,66,=H359-F359,=ABS(J359),=K359/F359*100
subject05,33,160,180,1.0671,64.02,1.1,66,63,=H360-F360,=ABS(J360),=K360/F360*100
subject05,34,165,185,1.0599,63.59,1.1,66,57,=H361-F361,=ABS(J361),=K361/F361*100
subject05,35,170,190,1.0686,64.12,1.1,66,90,=H362-F362,=ABS(J362),=K362/F362*100
subject05,36,175,195,1.069,64.14,1.1,66,66,=H363-F363,=ABS(J363),=K363/F363*100
subject05,37,180,200,1.074,64.44,1.1,66,66,=H364-F364,=ABS(J364),=K364/F364*100
subject05,38,185,205,1.089,65.34,1.1,66,66,=H365-F365,=ABS(J365),=K365/F365*100
subject05,39,190,210,1.087,65.22,1.15,69,69,=H366-F366,=ABS(J366),=K366/F366*100
subject05,40,195,215,1.0891,65.34,1.15,69,84,=H367-F367,=ABS(J367),=K367/F367*100
subject05,41,200,220,1.0918,65.51,1.15,69,87,=H368-F368,=ABS(J368),=K368/F368*100
subject05,42,205,225,1.0988,65.93,1.25,75,57,=H369-F369,=ABS(J369),=K369/F369*100
subject05,43,210,230,1.1037,66.22,1.25,75,57,=H370-F370,=ABS(J370),=K370/F370*100
subject05,44,215,235,1.1028,66.17,1.25,75,75,=H371-F371,=ABS(J371),=K371/F371*100
subject05,45,220,240,1.1155,66.93,1.25,75,75,=H372-F372,=ABS(J372),=K372/F372*100
subject05,46,225,245,1.115,66.9,1.25,75,84,=H373-F373,=ABS(J373),=K373/F373*100
subject05,47,230,250,1.112,66.72,1.25,75,87,=H374-F374,=ABS(J374),=K374/F374*100
subject05,48,235,255,1.1253,67.52,0.95,57,54,=H375-F375,=ABS(J375),=K375/F375*100
subject05,49,240,260,1.1126,66.76,0.95,57,57,=H376-F376,=ABS(J376),=K376/F376*100
subject05,50,245,265,1.1366,68.2,0.95,57,57,=H377-F377,=ABS(J377),=K377/F377*100
subject05,51,250,270,1.1509,69.05,0.95,57,57,=H378-F378,=ABS(J378),=K378/F378*100
subject05,52,255,275,1.1582,69.49,1.15,69,72,=H379-F379,=ABS(J379),=K379/F379*100
subject05,53,260,280,1.1758,70.55,1.15,69,72,=H380-F380,=ABS(J380),=K380/F380*100
subject05,54,265,285,1.1674,70.05,1.15,69,69,=H381-F381,=ABS(J381),=K381/F381*100
subject05,55,270,290,1.1665,69.99,1.15,69,69,=H382-F382,=ABS(J382),=K382/F382*100
subject05,56,275,295,1.1888,71.33,1.15,69,69,=H383-F383,=ABS(J383),=K383/F383*100
subject05,57,280,300,1.2282,73.69,1.3,78,87,=H384-F384,=ABS(J384),=K384/F384*100
subject05,58,285,305,1.2454,74.72,1.3,78,87,=H385-F385,=ABS(J385),=K385/F385*100
subject05,59,290,310,1.283,76.98,1.3,78,78,=H386-F386,=ABS(J386),=K386/F386*100
subject05,60,295,315,1.2841,77.05,1.3,78,78,=H387-F387,=ABS(J387),=K387/F387*100
subject05,61,300,320,1.2779,76.67,1.3,78,75,=H388-F388,=ABS(J388),=K388/F388*100
subject05,62,305,325,1.2493,74.96,1.3,78,75,=H389-F389,=ABS(J389),=K389/F389*100
subject05,63,310,330,1.227,73.62,1.25,75,93,=H390-F390,=ABS(J390),=K390/F390*100
subject05,64,315,335,1.2125,72.75,1.25,75,96,=H391-F391,=ABS(J391),=K391/F391*100
subject05,65,320,340,1.1782,70.69,1.55,93,72,=H392-F392,=ABS(J392),=K392/F392*100
subject05,66,325,345,1.1869,71.21,1.2,72,72,=H393-F393,=ABS(J393),=K393/F393*100
subject05,67,330,350,1.1633,69.8,1.2,72,93,=H394-F394,=ABS(J394),=K394/F394*100
subject05,68,335,355,1.1546,69.27,1.1,66,54,=H395-F395,=ABS(J395),=K395/F395*100
subject05,69,340,360,1.1765,70.59,1.05,63,66,=H396-F396,=ABS(J396),=K396/F396*100
subject05,70,345,365,1.1691,70.15,0.95,57,63,=H397-F397,=ABS(J397),=K397/F397*100
subject05,71,350,370,1.1778,70.67,1.05,63,57,=H398-F398,=ABS(J398),=K398/F398*100
subject05,72,355,375,1.1728,70.37,1.05,63,57,=H399-F399,=ABS(J399),=K399/F399*100
subject05,73,360,380,1.137,68.22,1.1,66,87,=H400-F400,=ABS(J400),=K400/F400*100
subject05,74,365,385,1.1253,67.52,1.4,84,84,=H401-F401,=ABS(J401),=K401/F401*100
subject05,75,370,390,1.1165,66.99,1.4,84,66,=H402-F402,=ABS(J402),=K402/F402*100
subject05,76,375,395,1.1037,66.22,1.2,72,93,=H403-F403,=ABS(J403),=K403/F403*100
subject05,77,380,400,1.099,65.94,1.2,72,72,=H404-F404,=ABS(J404),=K404/F404*100
subject05,78,385,405,1.0966,65.8,1.2,72,72,=H405-F405,=ABS(J405),=K405/F405*100
subject05,79,390,410,1.1003,66.02,1.2,72,72,=H406-F406,=ABS(J406),=K406/F406*100
subject05,80,395,415,1.1015,66.09,1.2,72,69,=H407-F407,=ABS(J407),=K407/F407*100
subject05,81,400,420,1.1134,66.8,1.15,69,69,=H408-F408,=ABS(J408),=K408/F408*100
subject05,82,405,425,1.1086,66.51,1.15,69,87,=H409-F409,=ABS(J409),=K409/F409*100
subject06,1,0,20,1.2234,73.4,0.95,57,102,=H410-F410,=ABS(J410),=K410/F410*100
subject06,2,5,25,1.2387,74.32,0.95,57,57,=H411-F411,=ABS(J411),=K411/F411*100
subject06,3,10,30,1.244,74.64,0.95,57,60,=H412-F412,=ABS(J412),=K412/F412*100
subject06,4,15,35,1.2435,74.61,0.9,54,54,=H413-F413,=ABS(J413),=K413/F413*100
subject06,5,20,40,1.2214,73.28,0.9,54,54,=H414-F414,=ABS(J414),=K414/F414*100
subject06,6,25,45,1.215,72.9,0.9,54,54,=H415-F415,=ABS(J415),=K415/F415*100
subject06,7,30,50,1.2012,72.07,1.05,63,66,=H416-F416,=ABS(J416),=K416/F416*100
subject06,8,35,55,1.1941,71.64,1.05,63,63,=H417-F417,=ABS(J417),=K417/F417*100
subject06,9,40,60,1.1933,71.6,1.05,63,63,=H418-F418,=ABS(J418),=K418/F418*100
subject06,10,45,65,1.179,70.74,1.05,63,78,=H419-F419,=ABS(J419),=K419/F419*100
subject06,11,50,70,1.1835,71.01,1.3,78,63,=H420-F420,=ABS(J420),=K420/F420*100
subject06,12,55,75,1.1817,70.9,1.3,78,78,=H421-F421,=ABS(J421),=K421/F421*100
subject06,13,60,80,1.1854,71.12,1.3,78,87,=H422-F422,=ABS(J422),=K422/F422*100
subject06,14,65,85,1.1929,71.57,1.3,78,75,=H423-F423,=ABS(J423),=K423/F423*100
subject06,15,70,90,1.1876,71.26,1.25,75,90,=H424-F424,=ABS(J424),=K424/F424*100
subject06,16,75,95,1.1824,70.95,1.25,75,57,=H425-F425,=ABS(J425),=K425/F425*100
subject06,17,80,100,1.2002,72.01,1.05,63,60,=H426-F426,=ABS(J426),=K426/F426*100
subject06,18,85,105,1.2015,72.09,1.05,63,105,=H427-F427,=ABS(J427),=K427/F427*100
subject06,19,90,110,1.2085,72.51,1.3,78,63,=H428-F428,=ABS(J428),=K428/F428*100
subject06,20,95,115,1.2365,74.19,1.3,78,78,=H429-F429,=ABS(J429),=K429/F429*100
subject06,21,100,120,1.2247,73.48,1.3,78,78,=H430-F430,=ABS(J430),=K430/F430*100
subject06,22,105,125,1.2416,74.49,1.3,78,78,=H431-F431,=ABS(J431),=K431/F431*100
subject06,23,110,130,1.2409,74.45,1.5,90,90,=H432-F432,=ABS(J432),=K432/F432*100
subject06,24,115,135,1.2183,73.1,1.5,90,102,=H433-F433,=ABS(J433),=K433/F433*100
subject06,25,120,140,1.2109,72.65,1.5,90,102,=H434-F434,=ABS(J434),=K434/F434*100
subject06,26,125,145,1.2037,72.22,1.7,102,87,=H435-F435,=ABS(J435),=K435/F435*100
subject06,27,130,150,1.2206,73.23,1.5,90,90,=H436-F436,=ABS(J436),=K436/F436*100
subject06,28,135,155,1.2329,73.98,1.45,87,102,=H437-F437,=ABS(J437),=K437/F437*100
subject06,29,140,160,1.2329,73.98,1.4,84,84,=H438-F438,=ABS(J438),=K438/F438*100
subject06,30,145,165,1.2175,73.05,1.4,84,84,=H439-F439,=ABS(J439),=K439/F439*100
subject06,31,150,170,1.2074,72.44,0.9,54,54,=H440-F440,=ABS(J440),=K440/F440*100
subject06,32,155,175,1.2098,72.59,0.9,54,54,=H441-F441,=ABS(J441),=K441/F441*100
subject06,33,160,180,1.2239,73.43,0.9,54,54,=H442-F442,=ABS(J442),=K442/F442*100
subject06,34,165,185,1.2233,73.4,0.9,54,108,=H443-F443,=ABS(J443),=K443/F443*100
subject06,35,170,190,1.2163,72.98,0.9,54,63,=H444-F444,=ABS(J444),=K444/F444*100
subject06,36,175,195,1.2214,73.28,0.9,54,54,=H445-F445,=ABS(J445),=K445/F445*100
subject06,37,180,200,1.2121,72.73,0.9,54,54,=H446-F446,=ABS(J446),=K446/F446*100
subject06,38,185,205,1.2084,72.51,0.9,54,54,=H447-F447,=ABS(J447),=K447/F447*100
subject06,39,190,210,1.2141,72.84,1.05,63,87,=H448-F448,=ABS(J448),=K448/F448*100
subject06,40,195,215,1.2321,73.92,1.1,66,63,=H449-F449,=ABS(J449),=K449/F449*100
subject06,41,200,220,1.2238,73.43,1.15,69,66,=H450-F450,=ABS(J450),=K450/F450*100
subject06,42,205,225,1.2312,73.87,1.1,66,69,=H451-F451,=ABS(J451),=K451/F451*100
subject06,43,210,230,1.2269,73.61,1.1,66,75,=H452-F452,=ABS(J452),=K452/F452*100
subject06,44,215,235,1.1946,71.67,1.05,63,60,=H453-F453,=ABS(J453),=K453/F453*100
subject06,45,220,240,1.2075,72.45,1,60,57,=H454-F454,=ABS(J454),=K454/F454*100
subject06,46,225,245,1.2422,74.53,1,60,63,=H455-F455,=ABS(J455),=K455/F455*100
subject06,47,230,250,1.2663,75.98,1,60,60,=H456-F456,=ABS(J456),=K456/F456*100
subject06,48,235,255,1.2658,75.95,1.05,63,60,=H457-F457,=ABS(J457),=K457/F457*100
subject06,49,240,260,1.2696,76.18,1.2,72,78,=H458-F458,=ABS(J458),=K458/F458*100
subject06,50,245,265,1.2539,75.23,1.25,75,75,=H459-F459,=ABS(J459),=K459/F459*100
subject06,51,250,270,1.271,76.26,1.25,75,72,=H460-F460,=ABS(J460),=K460/F460*100
subject06,52,255,275,1.3178,79.07,1.25,75,75,=H461-F461,=ABS(J461),=K461/F461*100
subject06,53,260,280,1.3317,79.9,1.3,78,78,=H462-F462,=ABS(J462),=K462/F462*100
subject06,54,265,285,1.3324,79.94,1.35,81,81,=H463-F463,=ABS(J463),=K463/F463*100
subject06,55,270,290,1.3126,78.76,1.7,102,102,=H464-F464,=ABS(J464),=K464/F464*100
subject06,56,275,295,1.2765,76.59,1.7,102,102,=H465-F465,=ABS(J465),=K465/F465*100
subject06,57,280,300,1.2622,75.73,1.7,102,102,=H466-F466,=ABS(J466),=K466/F466*100
subject06,58,285,305,1.2627,75.76,1.5,90,75,=H467-F467,=ABS(J467),=K467/F467*100
subject06,59,290,310,1.2974,77.85,1.5,90,84,=H468-F468,=ABS(J468),=K468/F468*100
subject06,60,295,315,1.3776,82.66,1.4,84,90,=H469-F469,=ABS(J469),=K469/F469*100
subject06,61,300,320,1.4449,86.7,1.4,84,90,=H470-F470,=ABS(J470),=K470/F470*100
subject06,62,305,325,1.4561,87.37,1.5,90,63,=H471-F471,=ABS(J471),=K471/F471*100
subject06,63,310,330,1.4303,85.82,1.25,75,60,=H472-F472,=ABS(J472),=K472/F472*100
subject06,64,315,335,1.3698,82.19,1.05,63,93,=H473-F473,=ABS(J473),=K473/F473*100
subject06,65,320,340,1.3124,78.74,1,60,75,=H474-F474,=ABS(J474),=K474/F474*100
subject06,66,325,345,1.315,78.9,1.2,72,60,=H475-F475,=ABS(J475),=K475/F475*100
subject06,67,330,350,1.3183,79.1,1.2,72,60,=H476-F476,=ABS(J476),=K476/F476*100
subject06,68,335,355,1.3413,80.48,1,60,72,=H477-F477,=ABS(J477),=K477/F477*100
subject06,69,340,360,1.3268,79.61,1.2,72,75,=H478-F478,=ABS(J478),=K478/F478*100
subject06,70,345,365,1.3227,79.36,1.25,75,51,=H479-F479,=ABS(J479),=K479/F479*100
subject06,71,350,370,1.2976,77.85,1.4,84,87,=H480-F480,=ABS(J480),=K480/F480*100
subject06,72,355,375,1.2508,75.05,1.4,84,87,=H481-F481,=ABS(J481),=K481/F481*100
subject06,73,360,380,1.2481,74.88,1.4,84,84,=H482-F482,=ABS(J482),=K482/F482*100
subject06,74,365,385,1.262,75.72,1.4,84,81,=H483-F483,=ABS(J483),=K483/F483*100
subject06,75,370,390,1.3141,78.85,1.4,84,81,=H484-F484,=ABS(J484),=K484/F484*100
subject06,76,375,395,1.3476,80.85,1.35,81,87,=H485-F485,=ABS(J485),=K485/F485*100
subject06,77,380,400,1.3861,83.17,1.35,81,87,=H486-F486,=ABS(J486),=K486/F486*100
subject06,78,385,405,1.4207,85.24,0.9,54,54,=H487-F487,=ABS(J487),=K487/F487*100
subject06,79,390,410,1.4154,84.92,0.9,54,54,=H488-F488,=ABS(J488),=K488/F488*100
subject06,80,395,415,1.3918,83.51,0.9,54,54,=H489-F489,=ABS(J489),=K489/F489*100
subject06,81,400,420,1.3639,81.84,1.1,66,66,=H490-F490,=ABS(J490),=K490/F490*100
subject06,82,405,425,1.3147,78.88,1.1,66,75,=H491-F491,=ABS(J491),=K491/F491*100
subject06,83,410,430,1.3109,78.65,1.25,75,75,=H492-F492,=ABS(J492),=K492/F492*100
subject06,84,415,435,1.3253,79.52,1.25,75,60,=H493-F493,=ABS(J493),=K493/F493*100
subject06,85,420,440,1.3418,80.51,1.25,75,102,=H494-F494,=ABS(J494),=K494/F494*100
subject06,86,425,445,1.3736,82.41,1.1,66,66,=H495-F495,=ABS(J495),=K495/F495*100
subject06,87,430,450,1.3855,83.13,1.1,66,84,=H496-F496,=ABS(J496),=K496/F496*100
subject07,1,0,20,1.079,64.74,1.1,66,66,=H497-F497,=ABS(J497),=K497/F497*100
subject07,2,5,25,1.0888,65.33,1.1,66,66,=H498-F498,=ABS(J498),=K498/F498*100
subject07,3,10,30,1.1012,66.07,1.1,66,75,=H499-F499,=ABS(J499),=K499/F499*100
subject07,4,15,35,1.1089,66.54,1.1,66,51,=H500-F500,=ABS(J500),=K500/F500*100
subject07,5,20,40,1.0933,65.6,1.1,66,63,=H501-F501,=ABS(J501),=K501/F501*100
subject07,6,25,45,1.0915,65.49,1.1,66,66,=H502-F502,=ABS(J502),=K502/F502*100
subject07,7,30,50,1.0958,65.75,1.1,66,66,=H503-F503,=ABS(J503),=K503/F503*100
subject07,8,35,55,1.1132,66.79,1.1,66,66,=H504-F504,=ABS(J504),=K504/F504*100
subject07,9,40,60,1.1259,67.56,1.1,66,63,=H505-F505,=ABS(J505),=K505/F505*100
subject07,10,45,65,1.1156,66.94,1.05,63,69,=H506-F506,=ABS(J506),=K506/F506*100
subject07,11,50,70,1.1161,66.96,1.05,63,63,=H507-F507,=ABS(J507),=K507/F507*100
subject07,12,55,75,1.1111,66.66,1.1,66,63,=H508-F508,=ABS(J508),=K508/F508*100
subject07,13,60,80,1.0959,65.75,1.05,63,66,=H509-F509,=ABS(J509),=K509/F509*100
subject07,14,65,85,1.1165,66.99,1.1,66,66,=H510-F510,=ABS(J510),=K510/F510*100
subject07,15,70,90,1.1184,67.1,1.1,66,60,=H511-F511,=ABS(J511),=K511/F511*100
subject07,16,75,95,1.1023,66.14,1.1,66,66,=H512-F512,=ABS(J512),=K512/F512*100
subject07,17,80,100,1.1139,66.84,1.1,66,66,=H513-F513,=ABS(J513),=K513/F513*100
subject07,18,85,105,1.1028,66.17,1.1,66,66,=H514-F514,=ABS(J514),=K514/F514*100
subject07,19,90,110,1.0854,65.12,1.1,66,57,=H515-F515,=ABS(J515),=K515/F515*100
subject07,20,95,115,1.0927,65.56,1.15,69,102,=H516-F516,=ABS(J516),=K516/F516*100
subject07,21,100,120,1.0868,65.21,1.15,69,72,=H517-F517,=ABS(J517),=K517/F517*100
subject07,22,105,125,1.0924,65.55,1.2,72,69,=H518-F518,=ABS(J518),=K518/F518*100
subject07,23,110,130,1.1115,66.69,1.2,72,66,=H519-F519,=ABS(J519),=K519/F519*100
subject07,24,115,135,1.1274,67.64,1.2,72,90,=H520-F520,=ABS(J520),=K520/F520*100
subject07,25,120,140,1.1554,69.32,1.2,72,75,=H521-F521,=ABS(J521),=K521/F521*100
subject07,26,125,145,1.1461,68.76,1.2,72,72,=H522-F522,=ABS(J522),=K522/F522*100
subject07,27,130,150,1.1549,69.3,1.2,72,63,=H523-F523,=ABS(J523),=K523/F523*100
subject07,28,135,155,1.1699,70.2,1.2,72,66,=H524-F524,=ABS(J524),=K524/F524*100
subject07,29,140,160,1.1549,69.29,1.2,72,81,=H525-F525,=ABS(J525),=K525/F525*100
subject07,30,145,165,1.1754,70.53,1.2,72,78,=H526-F526,=ABS(J526),=K526/F526*100
subject07,31,150,170,1.1795,70.77,1.3,78,72,=H527-F527,=ABS(J527),=K527/F527*100
subject07,32,155,175,1.1683,70.1,1.3,78,72,=H528-F528,=ABS(J528),=K528/F528*100
subject07,33,160,180,1.1564,69.39,1.5,90,90,=H529-F529,=ABS(J529),=K529/F529*100
subject07,34,165,185,1.1685,70.11,1.5,90,93,=H530-F530,=ABS(J530),=K530/F530*100
subject07,35,170,190,1.1472,68.83,1.5,90,93,=H531-F531,=ABS(J531),=K531/F531*100
subject07,36,175,195,1.13,67.8,1.5,90,90,=H532-F532,=ABS(J532),=K532/F532*100
subject07,37,180,200,1.1198,67.19,1.1,66,66,=H533-F533,=ABS(J533),=K533/F533*100
subject07,38,185,205,1.0839,65.03,1.1,66,66,=H534-F534,=ABS(J534),=K534/F534*100
subject07,39,190,210,1.0765,64.59,1.1,66,63,=H535-F535,=ABS(J535),=K535/F535*100
subject07,40,195,215,1.0718,64.31,1.1,66,66,=H536-F536,=ABS(J536),=K536/F536*100
subject07,41,200,220,1.0841,65.05,1.1,66,57,=H537-F537,=ABS(J537),=K537/F537*100
subject07,42,205,225,1.1014,66.08,1.25,75,105,=H538-F538,=ABS(J538),=K538/F538*100
subject07,43,210,230,1.1049,66.3,1.25,75,75,=H539-F539,=ABS(J539),=K539/F539*100
subject07,44,215,235,1.1047,66.28,1.25,75,84,=H540-F540,=ABS(J540),=K540/F540*100
subject07,45,220,240,1.1081,66.49,1.1,66,63,=H541-F541,=ABS(J541),=K541/F541*100
subject07,46,225,245,1.1039,66.24,1.1,66,66,=H542-F542,=ABS(J542),=K542/F542*100
subject07,47,230,250,1.0983,65.9,1.1,66,66,=H543-F543,=ABS(J543),=K543/F543*100
subject07,48,235,255,1.0884,65.3,1.1,66,96,=H544-F544,=ABS(J544),=K544/F544*100
subject07,49,240,260,1.071,64.26,1.25,75,54,=H545-F545,=ABS(J545),=K545/F545*100
subject07,50,245,265,1.0609,63.65,1.25,75,75,=H546-F546,=ABS(J546),=K546/F546*100
subject07,51,250,270,1.0667,64,1,60,78,=H547-F547,=ABS(J547),=K547/F547*100
subject07,52,255,275,1.0807,64.84,1.25,75,60,=H548-F548,=ABS(J548),=K548/F548*100
subject07,53,260,280,1.093,65.58,1.1,66,51,=H549-F549,=ABS(J549),=K549/F549*100
subject07,54,265,285,1.1016,66.1,1.1,66,99,=H550-F550,=ABS(J550),=K550/F550*100
subject07,55,270,290,1.0978,65.87,1.1,66,66,=H551-F551,=ABS(J551),=K551/F551*100
subject07,56,275,295,1.0779,64.68,1.1,66,66,=H552-F552,=ABS(J552),=K552/F552*100
subject07,57,280,300,1.0671,64.03,1.05,63,63,=H553-F553,=ABS(J553),=K553/F553*100
subject07,58,285,305,1.0497,62.98,1.05,63,63,=H554-F554,=ABS(J554),=K554/F554*100
subject07,59,290,310,1.0431,62.59,1.05,63,63,=H555-F555,=ABS(J555),=K555/F555*100
subject07,60,295,315,1.04,62.4,1.05,63,63,=H556-F556,=ABS(J556),=K556/F556*100
subject07,61,300,320,1.0314,61.88,1.05,63,63,=H557-F557,=ABS(J557),=K557/F557*100
subject07,62,305,325,1.0383,62.3,1.05,63,63,=H558-F558,=ABS(J558),=K558/F558*100
subject07,63,310,330,1.0474,62.84,1.05,63,63,=H559-F559,=ABS(J559),=K559/F559*100
subject07,64,315,335,1.065,63.9,1.05,63,63,=H560-F560,=ABS(J560),=K560/F560*100
subject07,65,320,340,1.0711,64.27,1.1,66,66,=H561-F561,=ABS(J561),=K561/F561*100
subject07,66,325,345,1.0742,64.45,1.1,66,66,=H562-F562,=ABS(J562),=K562/F562*100
subject07,67,330,350,1.0654,63.92,1.1,66,66,=H563-F563,=ABS(J563),=K563/F563*100
subject07,68,335,355,1.0452,62.71,1.1,66,72,=H564-F564,=ABS(J564),=K564/F564*100
subject07,69,340,360,1.0416,62.49,1.1,66,72,=H565-F565,=ABS(J565),=K565/F565*100
subject07,70,345,365,1.0392,62.35,1.05,63,63,=H566-F566,=ABS(J566),=K566/F566*100
subject07,71,350,370,1.0306,61.83,1.05,63,63,=H567-F567,=ABS(J567),=K567/F567*100
subject07,72,355,375,1.0395,62.37,1.05,63,63,=H568-F568,=ABS(J568),=K568/F568*100
subject07,73,360,380,1.0386,62.32,1.05,63,60,=H569-F569,=ABS(J569),=K569/F569*100
subject07,74,365,385,1.0317,61.9,1.05,63,63,=H570-F570,=ABS(J570),=K570/F570*100
subject07,75,370,390,1.0432,62.59,1.05,63,63,=H571-F571,=ABS(J571),=K571/F571*100
subject07,76,375,395,1.0527,63.16,1.05,63,69,=H572-F572,=ABS(J572),=K572/F572*100
subject07,77,380,400,1.0547,63.28,1.05,63,54,=H573-F573,=ABS(J573),=K573/F573*100
subject07,78,385,405,1.054,63.24,1.05,63,63,=H574-F574,=ABS(J574),=K574/F574*100
subject07,79,390,410,1.0513,63.08,1.05,63,63,=H575-F575,=ABS(J575),=K575/F575*100
subject07,80,395,415,1.0414,62.49,1.05,63,63,=H576-F576,=ABS(J576),=K576/F576*100
subject07,81,400,420,1.0389,62.33,1.05,63,63,=H577-F577,=ABS(J577),=K577/F577*100
subject07,82,405,425,1.0447,62.68,1.05,63,63,=H578-F578,=ABS(J578),=K578/F578*100
subject07,83,410,430,1.0554,63.33,1.05,63,63,=H579-F579,=ABS(J579),=K579/F579*100
subject07,84,415,435,1.054,63.24,1.05,63,63,=H580-F580,=ABS(J580),=K580/F580*100
subject08,1,0,20,1.2173,73.04,1.15,69,72,=H581-F581,=ABS(J581),=K581/F581*100
subject08,2,5,25,1.1924,71.54,1.15,69,69,=H582-F582,=ABS(J582),=K582/F582*100
subject08,3,10,30,1.1907,71.44,1.2,72,69,=H583-F583,=ABS(J583),=K583/F583*100
subject08,4,15,35,1.193,71.58,1.2,72,72,=H584-F584,=ABS(J584),=K584/F584*100
subject08,5,20,40,1.2076,72.45,1.2,72,87,=H585-F585,=ABS(J585),=K585/F585*100
subject08,6,25,45,1.202,72.12,1.2,72,75,=H586-F586,=ABS(J586),=K586/F586*100
subject08,7,30,50,1.206,72.36,1.2,72,72,=H587-F587,=ABS(J587),=K587/F587*100
subject08,8,35,55,1.2123,72.74,1.2,72,54,=H588-F588,=ABS(J588),=K588/F588*100
subject08,9,40,60,1.2297,73.78,1.15,69,72,=H589-F589,=ABS(J589),=K589/F589*100
subject08,10,45,65,1.2388,74.33,1.15,69,69,=H590-F590,=ABS(J590),=K590/F590*100
subject08,11,50,70,1.245,74.7,1.2,72,69,=H591-F591,=ABS(J591),=K591/F591*100
subject08,12,55,75,1.2475,74.85,1.25,75,75,=H592-F592,=ABS(J592),=K592/F592*100
subject08,13,60,80,1.2355,74.13,1.25,75,75,=H593-F593,=ABS(J593),=K593/F593*100
subject08,14,65,85,1.2271,73.63,1.25,75,111,=H594-F594,=ABS(J594),=K594/F594*100
subject08,15,70,90,1.2378,74.27,1.25,75,75,=H595-F595,=ABS(J595),=K595/F595*100
subject08,16,75,95,1.235,74.1,1.25,75,75,=H596-F596,=ABS(J596),=K596/F596*100
subject08,17,80,100,1.2275,73.65,1.25,75,75,=H597-F597,=ABS(J597),=K597/F597*100
subject08,18,85,105,1.2356,74.14,1.6,96,99,=H598-F598,=ABS(J598),=K598/F598*100
subject08,19,90,110,1.2622,75.73,1.6,96,96,=H599-F599,=ABS(J599),=K599/F599*100
subject08,20,95,115,1.2896,77.37,1.6,96,99,=H600-F600,=ABS(J600),=K600/F600*100
subject08,21,100,120,1.3028,78.17,1.25,75,75,=H601-F601,=ABS(J601),=K601/F601*100
subject08,22,105,125,1.3044,78.26,1.15,69,57,=H602-F602,=ABS(J602),=K602/F602*100
subject08,23,110,130,1.2616,75.7,1.15,69,66,=H603-F603,=ABS(J603),=K603/F603*100
subject08,24,115,135,1.2502,75.01,1.15,69,69,=H604-F604,=ABS(J604),=K604/F604*100
subject08,25,120,140,1.248,74.88,1.15,69,69,=H605-F605,=ABS(J605),=K605/F605*100
subject08,26,125,145,1.2458,74.75,1.25,75,75,=H606-F606,=ABS(J606),=K606/F606*100
subject08,27,130,150,1.2651,75.91,1.25,75,75,=H607-F607,=ABS(J607),=K607/F607*100
subject08,28,135,155,1.2541,75.25,1.25,75,75,=H608-F608,=ABS(J608),=K608/F608*100
subject08,29,140,160,1.2754,76.52,1.25,75,75,=H609-F609,=ABS(J609),=K609/F609*100
subject08,30,145,165,1.3074,78.44,1.25,75,78,=H610-F610,=ABS(J610),=K610/F610*100
subject08,31,150,170,1.3087,78.52,1.25,75,78,=H611-F611,=ABS(J611),=K611/F611*100
subject08,32,155,175,1.3345,80.07,1.05,63,63,=H612-F612,=ABS(J612),=K612/F612*100
subject08,33,160,180,1.3204,79.22,1.05,63,63,=H613-F613,=ABS(J613),=K613/F613*100
subject08,34,165,185,1.3062,78.37,1.05,63,60,=H614-F614,=ABS(J614),=K614/F614*100
subject08,35,170,190,1.3028,78.17,1.5,90,90,=H615-F615,=ABS(J615),=K615/F615*100
subject08,36,175,195,1.2967,77.8,1.5,90,99,=H616-F616,=ABS(J616),=K616/F616*100
subject08,37,180,200,1.303,78.18,1.5,90,99,=H617-F617,=ABS(J617),=K617/F617*100
subject08,38,185,205,1.2821,76.93,1.3,78,78,=H618-F618,=ABS(J618),=K618/F618*100
subject08,39,190,210,1.2404,74.43,1.25,75,75,=H619-F619,=ABS(J619),=K619/F619*100
subject08,40,195,215,1.223,73.38,1.2,72,72,=H620-F620,=ABS(J620),=K620/F620*100
subject08,41,200,220,1.1955,71.73,1.2,72,72,=H621-F621,=ABS(J621),=K621/F621*100
subject08,42,205,225,1.1848,71.09,1.2,72,54,=H622-F622,=ABS(J622),=K622/F622*100
subject08,43,210,230,1.198,71.88,1.35,81,81,=H623-F623,=ABS(J623),=K623/F623*100
subject08,44,215,235,1.1856,71.14,1.35,81,93,=H624-F624,=ABS(J624),=K624/F624*100
subject08,45,220,240,1.1834,71.01,1.35,81,90,=H625-F625,=ABS(J625),=K625/F625*100
subject08,46,225,245,1.1956,71.74,1.2,72,72,=H626-F626,=ABS(J626),=K626/F626*100
subject08,47,230,250,1.2137,72.82,1.2,72,72,=H627-F627,=ABS(J627),=K627/F627*100
subject08,48,235,255,1.2239,73.44,1.2,72,72,=H628-F628,=ABS(J628),=K628/F628*100
subject08,49,240,260,1.2286,73.72,1.2,72,75,=H629-F629,=ABS(J629),=K629/F629*100
subject08,50,245,265,1.2149,72.9,1.2,72,75,=H630-F630,=ABS(J630),=K630/F630*100
subject08,51,250,270,1.2055,72.33,1.25,75,72,=H631-F631,=ABS(J631),=K631/F631*100
subject08,52,255,275,1.1994,71.96,1.25,75,72,=H632-F632,=ABS(J632),=K632/F632*100
subject08,53,260,280,1.1911,71.47,1.2,72,75,=H633-F633,=ABS(J633),=K633/F633*100
subject08,54,265,285,1.1966,71.8,1.2,72,75,=H634-F634,=ABS(J634),=K634/F634*100
subject08,55,270,290,1.2113,72.68,1.25,75,72,=H635-F635,=ABS(J635),=K635/F635*100
subject08,56,275,295,1.2066,72.4,1.25,75,72,=H636-F636,=ABS(J636),=K636/F636*100
subject08,57,280,300,1.2322,73.93,1.25,75,75,=H637-F637,=ABS(J637),=K637/F637*100
subject08,58,285,305,1.2444,74.67,1.25,75,75,=H638-F638,=ABS(J638),=K638/F638*100
subject08,59,290,310,1.2411,74.46,1.25,75,75,=H639-F639,=ABS(J639),=K639/F639*100
subject08,60,295,315,1.2523,75.14,1.25,75,75,=H640-F640,=ABS(J640),=K640/F640*100
subject08,61,300,320,1.2463,74.78,1.25,75,75,=H641-F641,=ABS(J641),=K641/F641*100
subject08,62,305,325,1.2565,75.39,1.25,75,75,=H642-F642,=ABS(J642),=K642/F642*100
subject08,63,310,330,1.2766,76.6,1.25,75,75,=H643-F643,=ABS(J643),=K643/F643*100
subject08,64,315,335,1.2836,77.02,1.3,78,78,=H644-F644,=ABS(J644),=K644/F644*100
subject08,65,320,340,1.3014,78.08,1.3,78,78,=H645-F645,=ABS(J645),=K645/F645*100
subject08,66,325,345,1.2985,77.91,1.3,78,78,=H646-F646,=ABS(J646),=K646/F646*100
subject08,67,330,350,1.2926,77.55,1.3,78,78,=H647-F647,=ABS(J647),=K647/F647*100
subject08,68,335,355,1.2827,76.96,1.3,78,78,=H648-F648,=ABS(J648),=K648/F648*100
subject08,69,340,360,1.2795,76.77,1.3,78,75,=H649-F649,=ABS(J649),=K649/F649*100
subject08,70,345,365,1.2939,77.63,1.3,78,84,=H650-F650,=ABS(J650),=K650/F650*100
subject08,71,350,370,1.2953,77.72,1.25,75,81,=H651-F651,=ABS(J651),=K651/F651*100
subject08,72,355,375,1.3223,79.34,1.35,81,72,=H652-F652,=ABS(J652),=K652/F652*100
subject08,73,360,380,1.327,79.62,1.35,81,69,=H653-F653,=ABS(J653),=K653/F653*100
subject08,74,365,385,1.3303,79.82,1.3,78,81,=H654-F654,=ABS(J654),=K654/F654*100
subject08,75,370,390,1.321,79.26,1.3,78,81,=H655-F655,=ABS(J655),=K655/F655*100
subject08,76,375,395,1.294,77.64,1.3,78,78,=H656-F656,=ABS(J656),=K656/F656*100
subject08,77,380,400,1.2749,76.49,1.25,75,75,=H657-F657,=ABS(J657),=K657/F657*100
subject08,78,385,405,1.2608,75.65,1.25,75,75,=H658-F658,=ABS(J658),=K658/F658*100
subject08,79,390,410,1.2532,75.19,1.25,75,75,=H659-F659,=ABS(J659),=K659/F659*100
subject08,80,395,415,1.26,75.6,1.25,75,75,=H660-F660,=ABS(J660),=K660/F660*100
subject08,81,400,420,1.2751,76.51,1.15,69,69,=H661-F661,=ABS(J661),=K661/F661*100
subject09,1,0,20,1.4811,88.87,1.25,75,75,=H662-F662,=ABS(J662),=K662/F662*100
subject09,2,5,25,1.4527,87.16,1.25,75,75,=H663-F663,=ABS(J663),=K663/F663*100
subject09,3,10,30,1.4079,84.47,1.35,81,96,=H664-F664,=ABS(J664),=K664/F664*100
subject09,4,15,35,1.3985,83.91,1.35,81,84,=H665-F665,=ABS(J665),=K665/F665*100
subject09,5,20,40,1.3681,82.09,1.4,84,81,=H666-F666,=ABS(J666),=K666/F666*100
subject09,6,25,45,1.3737,82.42,1.35,81,60,=H667-F667,=ABS(J667),=K667/F667*100
subject09,7,30,50,1.3751,82.51,1.35,81,84,=H668-F668,=ABS(J668),=K668/F668*100
subject09,8,35,55,1.3576,81.46,1.35,81,81,=H669-F669,=ABS(J669),=K669/F669*100
subject09,9,40,60,1.3845,83.07,1.4,84,81,=H670-F670,=ABS(J670),=K670/F670*100
subject09,10,45,65,1.3738,82.43,1.4,84,99,=H671-F671,=ABS(J671),=K671/F671*100
subject09,11,50,70,1.3822,82.93,1.4,84,99,=H672-F672,=ABS(J672),=K672/F672*100
subject09,12,55,75,1.3853,83.12,1.4,84,84,=H673-F673,=ABS(J673),=K673/F673*100
subject09,13,60,80,1.3648,81.89,1.4,84,84,=H674-F674,=ABS(J674),=K674/F674*100
subject09,14,65,85,1.3774,82.65,1.4,84,81,=H675-F675,=ABS(J675),=K675/F675*100
subject09,15,70,90,1.3852,83.11,1.4,84,84,=H676-F676,=ABS(J676),=K676/F676*100
subject09,16,75,95,1.3827,82.96,1.35,81,81,=H677-F677,=ABS(J677),=K677/F677*100
subject09,17,80,100,1.3964,83.78,1.35,81,84,=H678-F678,=ABS(J678),=K678/F678*100
subject09,18,85,105,1.3826,82.96,1.35,81,54,=H679-F679,=ABS(J679),=K679/F679*100
subject09,19,90,110,1.3762,82.57,1.2,72,81,=H680-F680,=ABS(J680),=K680/F680*100
subject09,20,95,115,1.379,82.74,1.2,72,72,=H681-F681,=ABS(J681),=K681/F681*100
subject09,21,100,120,1.3768,82.61,1.25,75,72,=H682-F682,=ABS(J682),=K682/F682*100
subject09,22,105,125,1.3939,83.64,1.25,75,75,=H683-F683,=ABS(J683),=K683/F683*100
subject09,23,110,130,1.3909,83.46,1.25,75,75,=H684-F684,=ABS(J684),=K684/F684*100
subject09,24,115,135,1.3932,83.59,1.4,84,84,=H685-F685,=ABS(J685),=K685/F685*100
subject09,25,120,140,1.3972,83.83,1.4,84,84,=H686-F686,=ABS(J686),=K686/F686*100
subject09,26,125,145,1.4006,84.04,1.4,84,84,=H687-F687,=ABS(J687),=K687/F687*100
subject09,27,130,150,1.3897,83.38,1.4,84,84,=H688-F688,=ABS(J688),=K688/F688*100
subject09,28,135,155,1.3905,83.43,1.4,84,84,=H689-F689,=ABS(J689),=K689/F689*100
subject09,29,140,160,1.3939,83.63,1.4,84,81,=H690-F690,=ABS(J690),=K690/F690*100
subject09,30,145,165,1.3827,82.96,1.4,84,84,=H691-F691,=ABS(J691),=K691/F691*100
subject09,31,150,170,1.3949,83.69,1.4,84,84,=H692-F692,=ABS(J692),=K692/F692*100
subject09,32,155,175,1.3839,83.04,1.4,84,84,=H693-F693,=ABS(J693),=K693/F693*100
subject09,33,160,180,1.3842,83.05,1.4,84,84,=H694-F694,=ABS(J694),=K694/F694*100
subject09,34,165,185,1.3749,82.49,1.4,84,84,=H695-F695,=ABS(J695),=K695/F695*100
subject09,35,170,190,1.3726,82.36,1.4,84,84,=H696-F696,=ABS(J696),=K696/F696*100
subject09,36,175,195,1.3848,83.09,1.4,84,81,=H697-F697,=ABS(J697),=K697/F697*100
subject09,37,180,200,1.3783,82.7,1.4,84,84,=H698-F698,=ABS(J698),=K698/F698*100
subject09,38,185,205,1.41,84.6,1.4,84,81,=H699-F699,=ABS(J699),=K699/F699*100
subject09,39,190,210,1.4159,84.95,1.45,87,87,=H700-F700,=ABS(J700),=K700/F700*100
subject09,40,195,215,1.4262,85.57,1.45,87,87,=H701-F701,=ABS(J701),=K701/F701*100
subject09,41,200,220,1.4569,87.41,1.45,87,87,=H702-F702,=ABS(J702),=K702/F702*100
subject09,42,205,225,1.4476,86.86,1.45,87,90,=H703-F703,=ABS(J703),=K703/F703*100
subject09,43,210,230,1.4686,88.12,1.45,87,87,=H704-F704,=ABS(J704),=K704/F704*100
subject09,44,215,235,1.4589,87.54,1.45,87,87,=H705-F705,=ABS(J705),=K705/F705*100
subject09,45,220,240,1.4455,86.73,1.45,87,87,=H706-F706,=ABS(J706),=K706/F706*100
subject09,46,225,245,1.4369,86.22,1.55,93,93,=H707-F707,=ABS(J707),=K707/F707*100
subject09,47,230,250,1.4052,84.31,1.55,93,93,=H708-F708,=ABS(J708),=K708/F708*100
subject09,48,235,255,1.4035,84.21,1.55,93,93,=H709-F709,=ABS(J709),=K709/F709*100
subject09,49,240,260,1.384,83.04,1.45,87,75,=H710-F710,=ABS(J710),=K710/F710*100
subject09,50,245,265,1.392,83.52,1.45,87,81,=H711-F711,=ABS(J711),=K711/F711*100
subject09,51,250,270,1.414,84.84,1.45,87,87,=H712-F712,=ABS(J712),=K712/F712*100
subject09,52,255,275,1.425,85.5,1.45,87,87,=H713-F713,=ABS(J713),=K713/F713*100
subject09,53,260,280,1.438,86.28,1.45,87,87,=H714-F714,=ABS(J714),=K714/F714*100
subject09,54,265,285,1.4485,86.91,1.45,87,90,=H715-F715,=ABS(J715),=K715/F715*100
subject09,55,270,290,1.4481,86.89,1.45,87,66,=H716-F716,=ABS(J716),=K716/F716*100
subject09,56,275,295,1.4463,86.78,1.4,84,90,=H717-F717,=ABS(J717),=K717/F717*100
subject09,57,280,300,1.4457,86.74,1.4,84,84,=H718-F718,=ABS(J718),=K718/F718*100
subject09,58,285,305,1.4223,85.34,1.4,84,84,=H719-F719,=ABS(J719),=K719/F719*100
subject09,59,290,310,1.4263,85.58,1.4,84,78,=H720-F720,=ABS(J720),=K720/F720*100
subject09,60,295,315,1.4183,85.1,1.4,84,84,=H721-F721,=ABS(J721),=K721/F721*100
subject09,61,300,320,1.4372,86.23,1.3,78,87,=H722-F722,=ABS(J722),=K722/F722*100
subject09,62,305,325,1.4447,86.68,1.4,84,72,=H723-F723,=ABS(J723),=K723/F723*100
subject09,63,310,330,1.4401,86.41,1.4,84,75,=H724-F724,=ABS(J724),=K724/F724*100
subject09,64,315,335,1.4474,86.85,1.4,84,84,=H725-F725,=ABS(J725),=K725/F725*100
subject09,65,320,340,1.4241,85.44,1.4,84,87,=H726-F726,=ABS(J726),=K726/F726*100
subject09,66,325,345,1.4141,84.84,1.4,84,84,=H727-F727,=ABS(J727),=K727/F727*100
subject09,67,330,350,1.4195,85.17,1.4,84,84,=H728-F728,=ABS(J728),=K728/F728*100
subject09,68,335,355,1.4137,84.82,1.4,84,84,=H729-F729,=ABS(J729),=K729/F729*100
subject09,69,340,360,1.4314,85.88,1.4,84,81,=H730-F730,=ABS(J730),=K730/F730*100
subject09,70,345,365,1.4385,86.31,1.4,84,81,=H731-F731,=ABS(J731),=K731/F731*100
subject09,71,350,370,1.4382,86.29,1.4,84,87,=H732-F732,=ABS(J732),=K732/F732*100
subject09,72,355,375,1.4273,85.64,1.4,84,87,=H733-F733,=ABS(J733),=K733/F733*100
subject09,73,360,380,1.394,83.64,1.4,84,84,=H734-F734,=ABS(J734),=K734/F734*100
subject09,74,365,385,1.3996,83.98,1.35,81,81,=H735-F735,=ABS(J735),=K735/F735*100
subject09,75,370,390,1.3731,82.39,1.35,81,81,=H736-F736,=ABS(J736),=K736/F736*100
subject09,76,375,395,1.3834,83,1.35,81,78,=H737-F737,=ABS(J737),=K737/F737*100
subject09,77,380,400,1.3924,83.55,1.4,84,84,=H738-F738,=ABS(J738),=K738/F738*100
subject09,78,385,405,1.3817,82.9,1.4,84,84,=H739-F739,=ABS(J739),=K739/F739*100
subject09,79,390,410,1.3853,83.12,1.4,84,96,=H740-F740,=ABS(J740),=K740/F740*100
subject09,80,395,415,1.3863,83.18,1.4,84,84,=H741-F741,=ABS(J741),=K741/F741*100
subject09,81,400,420,1.388,83.28,1.4,84,84,=H742-F742,=ABS(J742),=K742/F742*100
subject09,82,405,425,1.3889,83.33,1.4,84,84,=H743-F743,=ABS(J743),=K743/F743*100
subject09,83,410,430,1.3954,83.73,1.35,81,81,=H744-F744,=ABS(J744),=K744/F744*100
subject09,84,415,435,1.3897,83.38,1.35,81,81,=H745-F745,=ABS(J745),=K745/F745*100
subject10,1,0,20,1.0199,61.2,0.85,51,57,=H746-F746,=ABS(J746),=K746/F746*100
subject10,2,5,25,1.0326,61.95,0.85,51,51,=H747-F747,=ABS(J747),=K747/F747*100
subject10,3,10,30,1.0417,62.5,0.95,57,51,=H748-F748,=ABS(J748),=K748/F748*100
subject10,4,15,35,1.0591,63.54,1.2,72,84,=H749-F749,=ABS(J749),=K749/F749*100
subject10,5,20,40,1.0573,63.44,1.2,72,90,=H750-F750,=ABS(J750),=K750/F750*100
subject10,6,25,45,1.0559,63.35,1.4,84,72,=H751-F751,=ABS(J751),=K751/F751*100
subject10,7,30,50,1.072,64.32,1.2,72,72,=H752-F752,=ABS(J752),=K752/F752*100
subject10,8,35,55,1.0834,65,1.2,72,90,=H753-F753,=ABS(J753),=K753/F753*100
subject10,9,40,60,1.1045,66.27,1.15,69,66,=H754-F754,=ABS(J754),=K754/F754*100
subject10,10,45,65,1.0855,65.13,1.15,69,69,=H755-F755,=ABS(J755),=K755/F755*100
subject10,11,50,70,1.0693,64.16,1.1,66,69,=H756-F756,=ABS(J756),=K756/F756*100
subject10,12,55,75,1.0457,62.74,1.1,66,66,=H757-F757,=ABS(J757),=K757/F757*100
subject10,13,60,80,1.0184,61.11,1.05,63,63,=H758-F758,=ABS(J758),=K758/F758*100
subject10,14,65,85,1.0104,60.62,1.05,63,63,=H759-F759,=ABS(J759),=K759/F759*100
subject10,15,70,90,0.9831,58.99,1,60,57,=H760-F760,=ABS(J760),=K760/F760*100
subject10,16,75,95,0.9805,58.83,1,60,57,=H761-F761,=ABS(J761),=K761/F761*100
subject10,17,80,100,0.9853,59.12,1,60,60,=H762-F762,=ABS(J762),=K762/F762*100
subject10,18,85,105,0.997,59.82,1,60,60,=H763-F763,=ABS(J763),=K763/F763*100
subject10,19,90,110,1.0076,60.45,1,60,60,=H764-F764,=ABS(J764),=K764/F764*100
subject10,20,95,115,1.0013,60.08,1,60,66,=H765-F765,=ABS(J765),=K765/F765*100
subject10,21,100,120,0.9827,58.96,1,60,60,=H766-F766,=ABS(J766),=K766/F766*100
subject10,22,105,125,0.9623,57.74,1,60,60,=H767-F767,=ABS(J767),=K767/F767*100
subject10,23,110,130,0.9543,57.26,1,60,57,=H768-F768,=ABS(J768),=K768/F768*100
subject10,24,115,135,0.9517,57.1,1,60,57,=H769-F769,=ABS(J769),=K769/F769*100
subject10,25,120,140,0.9651,57.91,1.05,63,75,=H770-F770,=ABS(J770),=K770/F770*100
subject10,26,125,145,0.9868,59.21,1.1,66,63,=H771-F771,=ABS(J771),=K771/F771*100
subject10,27,130,150,1.0005,60.03,1.25,75,66,=H772-F772,=ABS(J772),=K772/F772*100
subject10,28,135,155,1.0069,60.42,1.1,66,87,=H773-F773,=ABS(J773),=K773/F773*100
subject10,29,140,160,0.9972,59.83,1.45,87,87,=H774-F774,=ABS(J774),=K774/F774*100
subject10,30,145,165,0.9783,58.7,1.45,87,66,=H775-F775,=ABS(J775),=K775/F775*100
subject10,31,150,170,0.9637,57.82,1.55,93,93,=H776-F776,=ABS(J776),=K776/F776*100
subject10,32,155,175,0.9605,57.63,1.55,93,96,=H777-F777,=ABS(J777),=K777/F777*100
subject10,33,160,180,0.9733,58.4,1.55,93,99,=H778-F778,=ABS(J778),=K778/F778*100
subject10,34,165,185,0.981,58.86,1.55,93,57,=H779-F779,=ABS(J779),=K779/F779*100
subject10,35,170,190,1.0082,60.49,1.5,90,93,=H780-F780,=ABS(J780),=K780/F780*100
subject10,36,175,195,1.0159,60.96,1.4,84,90,=H781-F781,=ABS(J781),=K781/F781*100
subject10,37,180,200,1.0259,61.55,1.4,84,84,=H782-F782,=ABS(J782),=K782/F782*100
subject10,38,185,205,1.0415,62.49,0.95,57,57,=H783-F783,=ABS(J783),=K783/F783*100
subject10,39,190,210,1.0399,62.4,0.95,57,57,=H784-F784,=ABS(J784),=K784/F784*100
subject10,40,195,215,1.0409,62.45,0.95,57,57,=H785-F785,=ABS(J785),=K785/F785*100
subject10,41,200,220,1.0397,62.38,1.05,63,69,=H786-F786,=ABS(J786),=K786/F786*100
subject10,42,205,225,1.036,62.16,1.05,63,63,=H787-F787,=ABS(J787),=K787/F787*100
subject10,43,210,230,1.0281,61.69,1.05,63,63,=H788-F788,=ABS(J788),=K788/F788*100
subject10,44,215,235,1.0264,61.58,1.05,63,60,=H789-F789,=ABS(J789),=K789/F789*100
subject10,45,220,240,1.0092,60.55,1.05,63,60,=H790-F790,=ABS(J790),=K790/F790*100
subject10,46,225,245,1.0203,61.22,1.05,63,99,=H791-F791,=ABS(J791),=K791/F791*100
subject10,47,230,250,1.0139,60.84,1.05,63,63,=H792-F792,=ABS(J792),=K792/F792*100
subject10,48,235,255,1.0205,61.23,1.05,63,63,=H793-F793,=ABS(J793),=K793/F793*100
subject10,49,240,260,1.0261,61.57,1.05,63,60,=H794-F794,=ABS(J794),=K794/F794*100
subject10,50,245,265,1.0131,60.79,1.55,93,93,=H795-F795,=ABS(J795),=K795/F795*100
subject10,51,250,270,0.998,59.88,1.55,93,93,=H796-F796,=ABS(J796),=K796/F796*100
subject10,52,255,275,0.9853,59.12,1.55,93,96,=H797-F797,=ABS(J797),=K797/F797*100
subject10,53,260,280,1.009,60.54,1.3,78,78,=H798-F798,=ABS(J798),=K798/F798*100
subject10,54,265,285,1.0411,62.46,1.2,72,72,=H799-F799,=ABS(J799),=K799/F799*100
subject10,55,270,290,1.0691,64.15,1.15,69,66,=H800-F800,=ABS(J800),=K800/F800*100
subject10,56,275,295,1.0764,64.58,1.1,66,69,=H801-F801,=ABS(J801),=K801/F801*100
subject10,57,280,300,1.0583,63.5,1,60,60,=H802-F802,=ABS(J802),=K802/F802*100
subject10,58,285,305,1.0211,61.27,1,60,60,=H803-F803,=ABS(J803),=K803/F803*100
subject10,59,290,310,1.0004,60.02,1,60,60,=H804-F804,=ABS(J804),=K804/F804*100
subject10,60,295,315,1.0007,60.04,1.45,87,87,=H805-F805,=ABS(J805),=K805/F805*100
subject10,61,300,320,1.0055,60.33,1.45,87,87,=H806-F806,=ABS(J806),=K806/F806*100
subject10,62,305,325,1.0181,61.09,1.45,87,105,=H807-F807,=ABS(J807),=K807/F807*100
subject10,63,310,330,1.0328,61.97,1.05,63,63,=H808-F808,=ABS(J808),=K808/F808*100
subject10,64,315,335,1.032,61.92,1.05,63,60,=H809-F809,=ABS(J809),=K809/F809*100
subject10,65,320,340,1.0055,60.33,1,60,63,=H810-F810,=ABS(J810),=K810/F810*100
subject10,66,325,345,0.9887,59.32,1,60,57,=H811-F811,=ABS(J811),=K811/F811*100
subject10,67,330,350,0.9873,59.24,1,60,57,=H812-F812,=ABS(J812),=K812/F812*100
subject10,68,335,355,0.9669,58.01,0.95,57,60,=H813-F813,=ABS(J813),=K813/F813*100
subject10,69,340,360,0.9899,59.39,1,60,60,=H814-F814,=ABS(J814),=K814/F814*100
subject10,70,345,365,1.0044,60.26,1,60,57,=H815-F815,=ABS(J815),=K815/F815*100
subject10,71,350,370,1.008,60.48,1,60,60,=H816-F816,=ABS(J816),=K816/F816*100
subject10,72,355,375,1.0408,62.45,1.05,63,99,=H817-F817,=ABS(J817),=K817/F817*100
subject10,73,360,380,1.0484,62.91,1.25,75,63,=H818-F818,=ABS(J818),=K818/F818*100
subject10,74,365,385,1.0658,63.95,1.25,75,81,=H819-F819,=ABS(J819),=K819/F819*100
subject10,75,370,390,1.0877,65.26,1.25,75,75,=H820-F820,=ABS(J820),=K820/F820*100
subject10,76,375,395,1.1055,66.33,1.25,75,75,=H821-F821,=ABS(J821),=K821/F821*100
subject10,77,380,400,1.1103,66.62,1.25,75,75,=H822-F822,=ABS(J822),=K822/F822*100
subject10,78,385,405,1.1034,66.2,1.25,75,54,=H823-F823,=ABS(J823),=K823/F823*100
subject10,79,390,410,1.0585,63.51,0.95,57,102,=H824-F824,=ABS(J824),=K824/F824*100
subject10,80,395,415,1.0239,61.44,0.95,57,57,=H825-F825,=ABS(J825),=K825/F825*100
subject10,81,400,420,1.0074,60.44,1,60,57,=H826-F826,=ABS(J826),=K826/F826*100
subject10,82,405,425,0.9984,59.9,1,60,60,=H827-F827,=ABS(J827),=K827/F827*100
subject10,83,410,430,1.0175,61.05,1.35,81,96,=H828-F828,=ABS(J828),=K828/F828*100
subject10,84,415,435,1.0034,60.2,1.35,81,81,=H829-F829,=ABS(J829),=K829/F829*100
subject10,85,420,440,0.9735,58.41,1.35,81,81,=H830-F830,=ABS(J830),=K830/F830*100
subject10,86,425,445,0.9273,55.64,1.35,81,81,=H831-F831,=ABS(J831),=K831/F831*100
subject10,87,430,450,0.8891,53.35,1.7,102,105,=H832-F832,=ABS(J832),=K832/F832*100
subject10,88,435,455,0.8732,52.39,1.75,105,102,=H833-F833,=ABS(J833),=K833/F833*100
subject10,89,440,460,0.8826,52.96,1.75,105,105,=H834-F834,=ABS(J834),=K834/F834*100
subject10,90,445,465,0.916,54.96,1.7,102,105,=H835-F835,=ABS(J835),=K835/F835*100
subject10,91,450,470,0.9552,57.31,1.6,96,57,=H836-F836,=ABS(J836),=K836/F836*100
subject10,92,455,475,1.0022,60.13,1.05,63,96,=H837-F837,=ABS(J837),=K837/F837*100
subject10,93,460,480,1.0396,62.38,1.05,63,63,=H838-F838,=ABS(J838),=K838/F838*100
subject10,94,465,485,1.0635,63.81,1.05,63,63,=H839-F839,=ABS(J839),=K839/F839*100
subject10,95,470,490,1.0731,64.38,1.05,63,63,=H840-F840,=ABS(J840),=K840/F840*100
subject10,96,475,495,1.0787,64.72,1,60,60,=H841-F841,=ABS(J841),=K841/F841*100
,,,,,,,,,,,
RINGKASAN,,,,,,,,,,,
keterangan,subjek,n_jendela,,,,,,,MAE_bpm,,MAPE_persen
per subjek,subject01,"=COUNTIF($A$2:$A$841,$B845)",,,,,,,"=AVERAGEIF($A$2:$A$841,$B845,$K$2:$K$841)",,"=AVERAGEIF($A$2:$A$841,$B845,$L$2:$L$841)"
per subjek,subject02,"=COUNTIF($A$2:$A$841,$B846)",,,,,,,"=AVERAGEIF($A$2:$A$841,$B846,$K$2:$K$841)",,"=AVERAGEIF($A$2:$A$841,$B846,$L$2:$L$841)"
per subjek,subject03,"=COUNTIF($A$2:$A$841,$B847)",,,,,,,"=AVERAGEIF($A$2:$A$841,$B847,$K$2:$K$841)",,"=AVERAGEIF($A$2:$A$841,$B847,$L$2:$L$841)"
per subjek,subject04,"=COUNTIF($A$2:$A$841,$B848)",,,,,,,"=AVERAGEIF($A$2:$A$841,$B848,$K$2:$K$841)",,"=AVERAGEIF($A$2:$A$841,$B848,$L$2:$L$841)"
per subjek,subject05,"=COUNTIF($A$2:$A$841,$B849)",,,,,,,"=AVERAGEIF($A$2:$A$841,$B849,$K$2:$K$841)",,"=AVERAGEIF($A$2:$A$841,$B849,$L$2:$L$841)"
per subjek,subject06,"=COUNTIF($A$2:$A$841,$B850)",,,,,,,"=AVERAGEIF($A$2:$A$841,$B850,$K$2:$K$841)",,"=AVERAGEIF($A$2:$A$841,$B850,$L$2:$L$841)"
per subjek,subject07,"=COUNTIF($A$2:$A$841,$B851)",,,,,,,"=AVERAGEIF($A$2:$A$841,$B851,$K$2:$K$841)",,"=AVERAGEIF($A$2:$A$841,$B851,$L$2:$L$841)"
per subjek,subject08,"=COUNTIF($A$2:$A$841,$B852)",,,,,,,"=AVERAGEIF($A$2:$A$841,$B852,$K$2:$K$841)",,"=AVERAGEIF($A$2:$A$841,$B852,$L$2:$L$841)"
per subjek,subject09,"=COUNTIF($A$2:$A$841,$B853)",,,,,,,"=AVERAGEIF($A$2:$A$841,$B853,$K$2:$K$841)",,"=AVERAGEIF($A$2:$A$841,$B853,$L$2:$L$841)"
per subjek,subject10,"=COUNTIF($A$2:$A$841,$B854)",,,,,,,"=AVERAGEIF($A$2:$A$841,$B854,$K$2:$K$841)",,"=AVERAGEIF($A$2:$A$841,$B854,$L$2:$L$841)"
,,,,,,,,,,,
rata-rata antar-subjek,(ini yang dilaporkan di tesis),,,,,,,,=AVERAGE(J845:J854),,=AVERAGE(L845:L854)
gabungan semua jendela,(bobot per jendela),=COUNT($K$2:$K$841),,,,,,,=AVERAGE($K$2:$K$841),,=AVERAGE($L$2:$L$841)
,,,,,,,,,,,
lolos standar ANSI/CTA-2065 (MAPE < 10%),,,,,,,,,"=COUNTIF(L845:L854,""<10"")&"" dari 10 subjek""",,
